symbol,type,n_snapshots,first_snapshot,vol24h_median_30d,vol24h_p10_30d,vol24h_median_90d,days_vol_below_1m_30d,oi_usd_median_30d,impact_half_spread_bps_snapshot,fixture_vol24h,price_obs_total,price_obs_insession,insession_days,first_price_obs,max_leverage,sz_decimals,growth_mode,only_isolated,oi_cap,last_mid,est_cost_bps_per_side_150usd,min_order_units_ok,eligible,selected
xyz:SNDK,stock,139,2026-05-01,123935559.155,27027170.835,175997243.86,0,133116025.457,0.32876352040022494,164541044.2219002,12138,2299,92,2026-05-01,10,3,enabled,,500000000.0,1765.25,2.228763520400225,True,True,True
xyz:MU,stock,139,2026-05-01,79647545.625,19706819.964,142423376.915,0,143496832.60979998,0.34779017384055194,75171694.84290995,12138,2299,92,2026-05-01,10,3,enabled,,500000000.0,1057.25,2.247790173840552,True,True,True
xyz:NVDA,stock,139,2026-05-01,46057211.735,10710626.531000001,43295415.22,0,131605830.85362001,0.6690506402121666,56155929.21388002,12138,2299,92,2026-05-01,20,3,enabled,,500000000.0,222.125,2.5690506402121667,True,True,True
xyz:CRCL,stock,139,2026-05-01,37496851.535,9946692.993,27166049.595,0,67341862.61588001,1.4811945264163209,30074938.857169997,12138,2299,92,2026-05-01,10,3,enabled,True,150000000.0,92.255,3.381194526416321,True,True,False
xyz:META,stock,139,2026-05-01,23147553.665,3147093.791,21377395.835,0,47983360.3963,0.8265829062657358,25206465.614620015,12138,2299,92,2026-05-01,20,3,enabled,,200000000.0,767.29,2.726582906265736,True,True,True
xyz:INTC,stock,139,2026-05-01,22442843.73,6964083.322000001,33888547.985,0,68930715.15759999,0.9590792838876666,21277347.87598,12138,2299,92,2026-05-01,10,2,enabled,True,350000000.0,122.575,2.8590792838876666,True,True,False
xyz:GOOGL,stock,139,2026-05-01,21143073.925,4652362.781,20429098.82,0,98119568.58677998,0.6834356010517816,23483880.050920002,12138,2299,92,2026-05-01,20,3,enabled,,350000000.0,339.015,2.5834356010517814,True,True,True
xyz:HOOD,stock,139,2026-05-01,18975588.445,5780227.008,7503077.57,0,50864397.96824,1.1249144086861065,31993958.39868,12138,2299,92,2026-05-01,10,3,enabled,True,150000000.0,120.685,3.0249144086861066,True,True,False
xyz:SOXL,etf,50,2026-08-06,18414013.6,3041495.457,15996208.67,0,9156933.082600001,2.3852850046724146,22996881.971499983,4717,903,36,2026-08-06,10,2,enabled,True,50000000.0,139.18,4.2852850046724145,True,False,False
xyz:TSLA,stock,139,2026-05-01,17112839.61,4621168.321,19663666.77,0,43120842.259619996,0.6471308189017383,28059545.68318,12138,2299,92,2026-05-01,20,3,enabled,,100000000.0,376.955,2.5471308189017385,True,True,False
xyz:EWY,etf,139,2026-05-01,15499843.715,4975567.291,24407372.32,0,8632570.354759999,0.7449216399739409,30625604.518239997,12138,2299,92,2026-05-01,20,3,enabled,True,100000000.0,182.735,2.644921639973941,True,True,False
xyz:AAPL,stock,139,2026-05-01,14488822.344999999,3127260.805,15728450.364999998,0,83155647.51008001,1.140198147948603,42816275.74019998,12138,2299,92,2026-05-01,20,3,enabled,,200000000.0,336.365,3.040198147948603,True,True,False
xyz:MSTR,stock,139,2026-05-01,14336637.085,3975769.041,14218168.835,0,43489525.86428,2.2844089091946396,14873321.869459998,12138,2299,92,2026-05-01,10,3,,True,150000000.0,161.845,4.184408909194639,True,True,False
xyz:NBIS,stock,109,2026-06-06,12817966.629999999,2790283.2640000004,15649680.54,1,50905439.1783,1.9350699345567024,13494720.821999999,10068,1906,77,2026-06-05,10,2,enabled,True,150000000.0,240.405,3.8350699345567025,True,False,False
xyz:KORU,etf,55,2026-08-01,9167833.82,1926569.6230000001,5659920.04,2,3360305.3181000007,3.537654172993882,11490447.221000005,5209,987,39,2026-08-01,10,1,enabled,True,25000000.0,20.1935,5.4376541729938825,True,False,False
xyz:AMD,stock,139,2026-05-01,9063296.059999999,2541444.171,12126903.129999999,2,14318473.64186,1.6300457073623844,6394377.941239999,12138,2299,92,2026-05-01,10,3,enabled,True,100000000.0,612.625,3.5300457073623845,True,False,False
xyz:AMZN,stock,139,2026-05-01,7879601.475,1371136.293,8498430.15,1,26873680.00745,0.1974840531625275,12937371.615130007,12138,2299,92,2026-05-01,20,3,enabled,,100000000.0,246.48,2.0974840531625274,True,False,False
xyz:MSFT,stock,139,2026-05-01,7636178.765000001,1741471.225,10983594.265,1,23153009.366,0.9977123162041536,8422761.292199997,12138,2299,92,2026-05-01,20,3,enabled,,250000000.0,494.92,2.897712316204154,True,False,False
xyz:MRVL,stock,139,2026-05-01,7499192.515000001,1843204.6770000001,14967359.085,0,18711062.7751,1.1899816737934426,8400364.517799996,12138,2299,92,2026-05-01,10,2,enabled,True,200000000.0,256.08,3.0899816737934427,True,True,False
xyz:COIN,stock,139,2026-05-01,6088120.27,1987209.398,5473475.1899999995,0,13341810.209449999,1.9540229885052767,8115215.935620001,12138,2299,92,2026-05-01,10,3,enabled,True,50000000.0,196.335,3.854022988505277,True,True,False
xyz:PLTR,stock,139,2026-05-01,5596380.825,1103758.5080000001,4483375.6850000005,3,13131270.555159999,1.8073479992090862,10041954.356100006,12138,2299,92,2026-05-01,10,3,enabled,True,150000000.0,192.045,3.707347999209086,True,False,False
xyz:CBRS,stock,139,2026-05-01,4981207.574999999,972883.077,8691742.71,3,42814940.1233,3.3850658857979674,5681200.9148,12138,2299,92,2026-05-01,10,2,enabled,True,150000000.0,202.315,5.285065885797968,True,False,False
xyz:DELL,stock,117,2026-05-29,4612774.49,837679.6570000001,2319720.2750000004,4,7484147.0448,5.005448915072711,19332911.926200006,10753,2055,82,2026-05-29,10,2,enabled,True,25000000.0,532.835,6.905448915072712,True,False,False
xyz:ORCL,stock,139,2026-05-01,4242231.66,1528921.4940000002,5845591.0600000005,2,20222769.812750004,2.476669059583216,4326701.93652,12138,2299,92,2026-05-01,10,3,enabled,True,150000000.0,137.4,4.376669059583216,True,False,False
xyz:CRWV,stock,139,2026-05-01,3735293.465,1174602.453,4080995.0,2,7591907.065479999,3.8962985164100914,2779240.5427399995,12138,2299,92,2026-05-01,10,2,enabled,True,50000000.0,86.304,5.796298516410092,True,False,False
xyz:BE,stock,100,2026-06-15,3591666.0250000004,901411.8200000001,2923569.8,4,7925867.911800001,4.805278634440063,2578815.2132000006,9131,1773,71,2026-06-15,10,2,enabled,True,25000000.0,257.115,6.705278634440063,True,False,False
xyz:LITE,stock,139,2026-05-01,3512949.875,818219.8620000002,3537274.91,6,10027990.29904,1.5393689177231924,3333102.5580999996,12138,2299,92,2026-05-01,10,3,enabled,True,100000000.0,922.39,3.4393689177231925,True,False,False
xyz:AVGO,stock,112,2026-06-03,3344442.2800000003,616100.8049999999,1775602.66,5,11343045.1906,2.888991223317854,3905404.9889999996,10327,1980,79,2026-06-03,10,2,enabled,True,75000000.0,348.35,4.788991223317854,True,False,False
xyz:MRNA,stock,37,2026-08-19,2959931.305,250577.473,3574371.73,5,2192158.4704,5.205570291777542,7724749.268199997,3522,699,27,2026-08-19,10,2,enabled,True,75000000.0,185.145,7.105570291777543,True,False,False
xyz:ARM,stock,130,2026-05-11,2428622.475,764756.803,2432525.69,5,4574434.0311,2.677642980935484,2405335.373100001,11298,2162,86,2026-05-11,10,2,enabled,True,50000000.0,311.87,4.577642980935484,True,False,False
xyz:RKLB,stock,139,2026-05-01,2371213.5599999996,530981.5480000001,2904522.415,6,10991937.088140002,2.224557140746108,4124753.6672099973,12138,2299,92,2026-05-01,10,2,enabled,True,50000000.0,71.801,4.1245571407461075,True,False,False
xyz:BB,stock,120,2026-05-26,2137164.17,238688.38200000004,2346760.7800000003,7,8775237.13488,6.9505503321242825,3152259.7175800023,11045,2136,85,2026-05-26,10,1,enabled,True,75000000.0,8.0413,8.850550332124282,True,False,False
xyz:BABA,stock,139,2026-05-01,1792307.245,345267.837,2237162.135,8,12109024.60149,2.55079208806955,3168665.7935600006,12138,2299,92,2026-05-01,10,3,enabled,True,50000000.0,110.43,4.45079208806955,True,False,False
xyz:TSM,stock,139,2026-05-01,1402969.345,434163.683,2098837.13,9,9468379.782230001,2.288525553162471,2261255.265030001,12138,2299,92,2026-05-01,10,3,enabled,True,50000000.0,444.155,4.188525553162471,True,False,False
xyz:WDC,stock,107,2026-06-08,1296847.895,416720.55000000005,1445958.955,11,2147719.91596,5.095269160686281,1194899.0904399997,9858,1902,76,2026-06-07,10,3,enabled,True,50000000.0,455.225,6.995269160686282,True,False,False
xyz:AMAT,stock,90,2026-06-27,1095297.5899999999,317754.16400000005,909519.15,14,1923191.1352,2.736494996450946,1015995.2537500001,8610,1639,65,2026-06-26,10,3,enabled,True,25000000.0,462.6,4.636494996450946,True,False,False
xyz:IREN,stock,42,2026-08-14,1069923.05,252927.668,831496.0349999999,13,1735892.9566000002,6.069976043233413,1186733.8484000005,3995,772,30,2026-08-14,10,1,enabled,True,25000000.0,45.3975,7.969976043233413,True,False,False
xyz:QCOM,stock,96,2026-06-21,890988.61,205480.53199999998,803693.44,16,5401924.6423,4.640188753440966,1662593.2949000008,8893,1712,68,2026-06-23,10,2,enabled,True,25000000.0,193.465,6.540188753440966,True,False,False
xyz:NFLX,stock,139,2026-05-01,856991.0700000001,258692.35900000003,1250548.085,18,3975942.6582039995,3.293807641633559,839126.0451650005,12138,2299,92,2026-05-01,10,3,enabled,True,50000000.0,71.415,5.193807641633559,True,False,False
xyz:HIMS,stock,139,2026-05-01,798941.2,210926.86300000004,1037331.91,18,2701907.23631,6.166224548952077,1418285.6717999997,12138,2299,92,2026-05-01,10,2,enabled,True,25000000.0,28.3255,8.066224548952079,True,False,False
xyz:AAOI,stock,42,2026-08-14,714760.0349999999,255693.96000000002,714760.0349999999,20,1459157.7651999998,6.231556167617529,864279.8879,3994,771,30,2026-08-14,10,2,enabled,True,25000000.0,99.3435,8.131556167617529,True,False,False
xyz:LLY,stock,139,2026-05-01,620499.355,180235.87900000002,972896.58,22,6448607.70841,4.037280419189225,466870.75598,12138,2299,92,2026-05-01,10,4,enabled,True,25000000.0,1189.85,5.937280419189225,True,False,False
xyz:USAR,stock,139,2026-05-01,598688.0249999999,73572.223,612046.845,25,2073626.77115,5.262696254714697,957001.9523400001,12138,2299,92,2026-05-01,10,2,enabled,True,25000000.0,15.3485,7.162696254714698,True,False,False
xyz:SMH,etf,103,2026-06-12,591663.8300000001,201233.79900000003,740628.54,25,3039076.50797,4.377765026008089,447050.1963400001,9467,1799,72,2026-06-12,20,3,enabled,True,25000000.0,592.665,6.2777650260080895,True,False,False
xyz:ASML,stock,124,2026-05-22,558276.3400000001,133805.22400000002,673897.165,28,2463648.3204,3.2430151601917534,402400.6448999998,11293,2162,86,2026-05-23,10,3,enabled,True,25000000.0,1709.55,5.143015160191753,True,False,False
xyz:OURA,stock,2,2026-09-23,529230.065,105846.01299999999,529230.065,1,133036.49039999998,,,183,52,2,2026-09-23,5,1,enabled,True,25000000.0,49.838,103.85648507336765,True,False,False
xyz:GME,stock,139,2026-05-01,526496.175,113440.13500000001,432272.365,20,2423540.1955399998,4.078497841574098,436326.31405,12138,2299,92,2026-05-01,10,2,enabled,True,25000000.0,24.3715,5.978497841574098,True,False,False
xyz:EWJ,etf,139,2026-05-01,512615.11,193611.328,623064.74,28,1367371.4964,3.236280293706074,424754.1643869999,12138,2299,92,2026-05-01,20,3,enabled,True,25000000.0,95.26,5.136280293706074,True,False,False
xyz:NOK,stock,104,2026-06-11,431844.605,74308.23600000002,835290.2250000001,22,3895648.9650419997,2.422896370702878,456007.2771640001,9595,1835,74,2026-06-10,10,2,enabled,True,25000000.0,10.27,4.322896370702878,True,False,False
xyz:NOW,stock,111,2026-06-04,378472.925,57010.32200000001,553907.12,27,1688751.6236,9.260124330734119,669008.0314000001,10191,1954,78,2026-06-04,10,2,enabled,True,25000000.0,140.045,11.160124330734119,True,False,False
xyz:XLE,etf,139,2026-05-01,356401.27,63284.55200000001,378468.125,25,1799732.2941100001,5.266556978764644,511318.2532999998,12138,2299,92,2026-05-01,20,2,enabled,True,25000000.0,63.3535,7.166556978764644,True,False,False
xyz:CRWD,stock,42,2026-08-14,349765.16500000004,38900.043000000005,349765.16500000004,19,919318.2939,4.654333466538339,1951472.9222,3994,771,30,2026-08-14,10,2,enabled,True,25000000.0,260.74,6.554333466538339,True,False,False
xyz:QNT,stock,118,2026-05-28,271861.67500000005,73532.414,690065.0549999999,30,1193329.2285000002,21.034666890031012,799819.4630800001,10927,2089,84,2026-05-27,10,2,enabled,True,20000000.0,47.6765,22.93466689003101,True,False,False
xyz:BMNR,stock,21,2026-09-04,269951.26,40728.59,269951.26,17,323327.97952,,,2041,390,15,2026-09-04,10,2,,True,25000000.0,27.813,103.85648507336765,True,False,False
xyz:IBM,stock,114,2026-06-01,247309.85,124684.27400000002,525379.595,30,2586459.0976,4.234108459491115,157795.3485,10520,2032,81,2026-06-01,10,2,enabled,True,50000000.0,227.145,6.134108459491116,True,False,False
xyz:TLT,stock,8,2026-09-17,239103.005,16518.180000000004,239103.005,8,366604.5498299999,,,788,156,6,2026-09-17,20,2,enabled,True,25000000.0,79.878,103.85648507336765,True,False,False
xyz:URNM,etf,139,2026-05-01,222354.58000000002,47884.414000000004,165790.5,29,1664101.3573499997,34.67015456035929,489921.5824800002,12138,2299,92,2026-05-01,10,2,enabled,True,25000000.0,49.1315,36.57015456035929,True,False,False
xyz:EWT,etf,129,2026-05-17,216466.86,71443.635,212353.475,29,776018.0332000001,5.124043589148509,701472.5373999997,11294,2162,86,2026-05-17,20,2,enabled,True,25000000.0,112.45,7.024043589148509,True,False,False
xyz:NET,stock,42,2026-08-14,169718.305,30050.167000000005,126196.775,30,289344.325,37.458816027208485,183518.8515000001,3994,771,30,2026-08-14,10,2,enabled,True,25000000.0,360.41,39.35881602720848,True,False,False
xyz:GEV,stock,66,2026-07-21,151013.97,17551.714,62912.06999999999,30,575492.72097,18.718224372326784,228587.26575,6308,1220,48,2026-07-21,10,3,enabled,True,25000000.0,939.825,20.618224372326782,True,False,False
xyz:RDDT,stock,42,2026-08-14,150684.615,40971.234000000004,120157.625,29,291099.97119999997,19.060514529736714,527542.9454,3994,771,30,2026-08-14,10,2,enabled,True,25000000.0,152.665,20.960514529736713,True,False,False
xyz:RIVN,stock,139,2026-05-01,145631.135,26131.845,224660.37,30,517513.35192000004,23.664989449764853,148597.70816,12138,2299,92,2026-05-01,10,2,enabled,True,25000000.0,15.0355,25.56498944976485,True,False,False
xyz:COST,stock,139,2026-05-01,141470.97,37369.47900000001,141979.72999999998,29,844743.0126100001,9.729384868945331,52544.801769,12138,2299,92,2026-05-01,20,4,enabled,True,25000000.0,901.66,11.629384868945332,True,False,False
xyz:DKNG,stock,139,2026-05-01,137678.745,23723.009000000002,186440.235,28,284264.77526,12.523694915975796,134230.08174,12138,2299,92,2026-05-01,10,2,enabled,True,25000000.0,20.691,14.423694915975796,True,False,False
xyz:BX,stock,139,2026-05-01,125169.76999999999,16810.072,199967.575,30,487154.5551,11.212991604065039,417077.7302,12138,2299,92,2026-05-01,10,2,enabled,True,25000000.0,115.43,13.112991604065039,True,False,False
xyz:EWZ,etf,139,2026-05-01,124070.34,33365.215000000004,140981.245,27,586843.90897,19.36251384501741,446272.5194099999,12138,2299,92,2026-05-01,20,2,enabled,True,25000000.0,37.008,21.26251384501741,True,False,False
xyz:ZM,stock,136,2026-05-04,92569.925,41843.62700000001,150687.825,29,511609.81627999997,31.909722955981447,96449.55322,11955,2289,91,2026-05-03,10,3,enabled,True,25000000.0,90.824,33.80972295598145,True,False,False
xyz:EBAY,stock,135,2026-05-05,78309.435,10334.204000000002,92837.435,30,320162.2668,23.351832360539795,81445.1553,11776,2261,90,2026-05-05,10,2,enabled,True,25000000.0,108.61,25.251832360539794,True,False,False
xyz:SNXX,stock,14,2026-09-11,54425.92,0.0,54425.92,12,53347.35350000001,,,1398,271,11,2026-09-10,10,1,enabled,True,25000000.0,17.2985,103.85648507336765,True,False,False
xyz:BIRD,stock,139,2026-05-01,41570.16,10514.912,86862.51000000001,30,81230.81787,101.95648507336765,108504.89927,12138,2299,92,2026-05-01,10,1,enabled,True,25000000.0,2.3396,103.85648507336765,True,False,False
xyz:XBI,etf,34,2026-08-22,26424.739999999998,7749.519,21950.99,30,84755.44260000001,25.86270529618026,86559.3621,3273,621,24,2026-08-22,10,2,enabled,True,25000000.0,152.88,27.762705296180258,True,False,False
xyz:CVX,stock,8,2026-09-17,19727.485,4326.945000000001,19727.485,8,7996.755400000001,,,790,156,6,2026-09-17,10,2,enabled,True,25000000.0,207.325,103.85648507336765,True,False,False
xyz:HO,stock,7,2026-09-18,0.0,0.0,0.0,7,0.0,,,657,130,5,2026-09-18,10,0,,True,,,103.85648507336765,False,False,False
xyz:YMTC,stock,23,2026-09-02,0.0,0.0,0.0,23,0.0,,,2174,435,17,2026-09-02,5,1,,True,25000000.0,,103.85648507336765,False,False,False
