file,tf_ms,eng_btc_sharpe,eng_btc_trades,eng_btc_days,eng_btc_blown,eng_btc_err,su_btc_sharpe,su_btc_trades,su_btc_days,su_btc_blown,su_btc_err,eng_eth_sharpe,eng_eth_trades,eng_eth_days,eng_eth_blown,eng_eth_err,su_eth_sharpe,su_eth_trades,su_eth_days,su_eth_blown,su_eth_err,eng_eligible,eng_score,su_eligible,su_score,error
1-2-3-Pattern-Quantitative-Trading-Strategy-with-EMAs-MACD-and-4th-Candle-Extension.md,3600000,-5.472911523345037,1177.0,933.0,False,0.0,-5.472911523345036,1177.0,933.0,False,0.0,-3.1549730648178715,1175.0,933.0,False,0.0,-3.1549730648178826,1175.0,933.0,False,0.0,True,-4.313942294081454,True,-4.313942294081459,
50-Period-EMA-Crossover-with-Monthly-Dollar-Cost-Averaging-Dual-Optimization-Trend-Following-Strategy.md,86400000,0.6865319465662068,16.0,538.0,False,0.0,0.6865319465662068,16.0,538.0,False,0.0,0.8660953729519723,16.0,538.0,False,0.0,0.8660953729519723,16.0,538.0,False,0.0,False,0.7763136597590895,False,0.7763136597590895,
ADX-Crossover-Trend-Trading-Strategy.md,86400000,0.09947636329955964,19.0,1024.0,False,0.0,0.09947636329955964,19.0,1024.0,False,0.0,0.023700938266202093,13.0,1024.0,False,0.0,0.023700938266202093,13.0,1024.0,False,0.0,False,0.061588650782880866,False,0.061588650782880866,
ATR-based-Dynamic-Stop-Loss-Strategy.md,86400000,-0.03611368523410783,50.0,1083.0,False,0.0,0.6715665155840059,33.0,1083.0,False,0.0,0.3108997576187612,40.0,1083.0,False,0.0,0.9756808338073283,27.0,1083.0,False,0.0,True,0.13739303619232668,True,0.8236236746956671,
Adaptive-Bollinger-Bands-Dynamic-Position-Management-Strategy.md,3600000,-0.26504806758201765,61.0,654.0,False,0.0,-0.14102193131190216,115.0,654.0,False,0.0,0.04999891840564529,651.0,654.0,False,0.0,0.4770388853943819,227.0,654.0,False,0.0,True,-0.10752457458818618,True,0.16800847704123986,
Adaptive-Bollinger-Bands-Trend-Tracking-Strategy.md,3600000,0.7086897519938973,0.0,966.0,False,0.0,-0.9451172419938937,1.0,966.0,True,0.0,0.0,0.0,966.0,True,0.0,0.0,0.0,966.0,True,0.0,False,0.35434487599694864,False,-0.47255862099694684,
Adaptive-Grid-Trading-Strategy-with-Dynamic-Adjustment-Mechanism.md,3600000,0.35252854579535126,541.0,576.0,False,0.0,0.4059864513568465,574.0,576.0,False,0.0,-0.185011755740427,1020.0,576.0,False,0.0,0.01509612121006453,1052.0,576.0,False,0.0,True,0.08375839502746213,True,0.21054128628345553,
Adaptive-Multi-MA-Momentum-Breakthrough-Trading-Strategy.md,86400000,-0.0857520501701949,122.0,625.0,False,0.0,0.04186542806565328,71.0,625.0,False,0.0,-0.7874102053063587,102.0,625.0,False,0.0,0.09180819562297143,58.0,625.0,False,0.0,True,-0.43658112773827684,True,0.06683681184431235,
Adaptive-Stop-Loss-Rail-Strategy.md,86400000,0.7910287836547635,22.0,999.0,False,0.0,0.7932791495522737,62.0,999.0,False,0.0,0.8722468027319678,69.0,999.0,False,0.0,0.5813661711962168,61.0,999.0,False,0.0,True,0.8316377931933656,True,0.6873226603742453,
Algorithm-RSI-Range-Breakout-Strategy.md,3600000,-5.2003077234756665,1593.0,1076.0,False,0.0,-5.2003077234756665,1593.0,1076.0,False,0.0,0.0,0.0,1076.0,True,0.0,-3.081761056475106,988.0,1076.0,False,0.0,False,-2.6001538617378332,True,-4.1410343899753865,
All-about-the-ATR-and-EMA-based-trend-following-strategy.md,10800000,-2.8112325118502697,161.0,947.0,False,0.0,-2.8112325118502697,161.0,947.0,False,0.0,0.0,0.0,947.0,True,0.0,0.0,0.0,947.0,True,0.0,False,-1.4056162559251348,False,-1.4056162559251348,
Assassins-Grid-B-A-Dynamic-Grid-Trading-Strategy.md,86400000,0.504195703908122,11.0,950.0,False,0.0,0.5473622166332013,15.0,950.0,False,0.0,-0.11222925948271979,11.0,950.0,False,0.0,-0.006323416819655551,21.0,950.0,False,0.0,False,0.1959832222127011,False,0.2705193999067729,
Baseline-Cross-Qualifier-ATR-Volatility-HMA-Trend-Bias-Mean-Reversion-Strategy.md,86400000,-1.9049859408812768,236.0,984.0,False,0.0,-1.9049859408812768,236.0,984.0,False,0.0,-1.4030609132446348,235.0,984.0,False,0.0,-1.4030609132446348,235.0,984.0,False,0.0,True,-1.6540234270629557,True,-1.6540234270629557,
Bollinger-Band-Breakout-Strategy-Based-on-VWAP.md,3600000,0.0,0.0,964.0,True,0.0,0.0,0.0,964.0,True,0.0,0.024423098263193704,0.0,964.0,False,0.0,0.024423098263192767,0.0,964.0,False,0.0,False,0.012211549131596852,False,0.012211549131596383,
Bollinger-Band-Breakout-Trading-Strategy.md,7200000,-0.04307183878870626,250.0,1111.0,False,0.0,-0.04307183878870626,250.0,1111.0,False,0.0,0.2909845729672337,232.0,1111.0,False,0.0,0.29098457296723207,232.0,1111.0,False,0.0,True,0.1239563670892637,True,0.1239563670892629,
Bollinger-Bands-Strategy-Profit-Taking-and-Martingale-Doubling.md,3600000,,,,,,,,,,,,,,,,,,,,,False,,False,,PineSyntaxError: line 28: unexpected NAME 'if' at end of statement
Breakout-Bollinger-Band-Trading-Strategy.md,10800000,-0.8777714918237234,54.0,1086.0,False,0.0,-0.8777714918237234,54.0,1086.0,False,0.0,-0.04079977135470245,62.0,1086.0,False,0.0,-0.04079977135470245,62.0,1086.0,False,0.0,True,-0.45928563158921293,True,-0.45928563158921293,
Divergence-Matrix-Trend-Following-Strategy.md,86400000,-0.7759305245816269,1.0,1020.0,True,0.0,-0.7759305245816269,1.0,1020.0,True,0.0,-1.2342949902196854,1.0,1020.0,True,0.0,-1.2342949902196854,1.0,1020.0,True,0.0,False,-1.0051127574006562,False,-1.0051127574006562,
Double-Rail-Breakthrough-Moving-Average-Crossover-Strategy.md,86400000,0.0,0.0,1025.0,True,0.0,0.0,0.0,1025.0,True,0.0,0.0,0.0,1025.0,True,0.0,0.0,0.0,1025.0,True,0.0,False,0.0,False,0.0,
Double-Turtle-Breakthrough-Strategy.md,86400000,0.6499850169518491,0.0,1034.0,False,0.0,0.6499850169518491,0.0,1034.0,False,0.0,0.08698673259402738,12.0,1034.0,False,0.0,0.08698673259402738,12.0,1034.0,False,0.0,False,0.3684858747729382,False,0.3684858747729382,
Dual-EMA-Trend-Following-Strategy-with-Limit-Buy-Entry.md,86400000,1.139558032227254,1.0,655.0,False,0.0,1.139558032227254,1.0,655.0,False,0.0,1.0250051869676513,1.0,655.0,False,0.0,1.0250051869676513,1.0,655.0,False,0.0,False,1.0822816095974526,False,1.0822816095974526,
Dual-EMA-Trend-Following-Strategy-with-Staged-Position-Exit.md,86400000,0.8297402270214429,158.0,580.0,False,0.0,1.3290197349293076,25.0,580.0,False,0.0,1.2873502015173686,271.0,580.0,False,0.0,0.8226336884539579,18.0,580.0,False,0.0,True,1.0585452142694058,False,1.0758267116916327,
Dual-Moving-Average-Breakout-Strategy-441003.md,14400000,-0.09621855255420284,326.0,966.0,False,0.0,-0.09621855255420284,326.0,966.0,False,0.0,0.37982324617723634,289.0,966.0,False,0.0,0.54417290197697,334.0,966.0,False,0.0,True,0.14180234681151677,True,0.22397717471138356,
Dual-Moving-Average-Crossover-Arrow-Strategy.md,86400000,0.9509994983460401,192.0,1041.0,False,0.0,1.239254683554868,97.0,1041.0,False,0.0,0.3797763110065135,199.0,1041.0,False,0.0,0.45839405239041875,99.0,1041.0,False,0.0,True,0.6653879046762768,True,0.8488243679726433,
Dual-Moving-Average-Golden-Cross-Strategy.md,3600000,-2.4008151597705636,548.0,984.0,False,0.0,-2.4008151597705636,548.0,984.0,False,0.0,-1.257632385357512,566.0,984.0,False,0.0,-1.257632385357512,566.0,984.0,False,0.0,True,-1.829223772564038,True,-1.829223772564038,
Dual-Moving-Average-RSI-Indicator-Combination-Reversal-Strategy.md,3600000,-2.0437663173808076,301.0,1052.0,False,0.0,-2.0437663173808076,301.0,1052.0,False,0.0,-0.8023809864360218,308.0,1052.0,False,0.0,-0.8023809864360218,308.0,1052.0,False,0.0,True,-1.4230736519084148,True,-1.4230736519084148,
Dynamic-ATR-based-Trailing-Stop-Trading-Strategy.md,86400000,-1.0265239886032709,6.0,654.0,False,0.0,-1.0265239886032709,6.0,654.0,False,0.0,0.7401925367333384,6.0,654.0,False,0.0,0.7401925367333384,4.0,654.0,False,0.0,False,-0.14316572593496624,False,-0.14316572593496624,
Dynamic-Balancing-Leveraged-ETF-Investment-Strategy.md,3600000,-0.36743867511969946,28.0,951.0,True,0.0,-0.36743867511970324,27.0,951.0,True,0.0,0.12971669493326807,71.0,951.0,True,0.0,0.12971669493327237,71.0,951.0,True,0.0,False,-0.1188609900932157,False,-0.11886099009321544,
Dynamic-Grid-Trading-Management-Strategy.md,86400000,,,,,,,,,,,,,,,,,,,,,False,,False,,"PineSyntaxError: line 17: unexpected character '""'"
Dynamic-Multi-Timeframe-Pivot-Trend-Breakthrough-Strategy.md,86400000,0.5421257712267794,2.0,545.0,False,0.0,0.5421257712267794,2.0,545.0,False,0.0,0.7994313606447813,3.0,545.0,False,0.0,0.7994313606447813,3.0,545.0,False,0.0,False,0.6707785659357803,False,0.6707785659357803,
Dynamic-Rising-ADX-Trend-Following-Strategy.md,3600000,-2.5435317787827634,1953.0,1021.0,False,0.0,-2.5435317787827634,1953.0,1021.0,False,0.0,-1.4753957415745864,1869.0,1021.0,False,0.0,-1.4753957415745864,1869.0,1021.0,False,0.0,True,-2.009463760178675,True,-2.009463760178675,
Dynamic-Trailing-Stop-Dual-Target-Moving-Average-Crossover-Strategy.md,86400000,0.20913088481225678,26.0,790.0,False,0.0,0.20814336054775193,39.0,790.0,False,0.0,-0.09076512983409833,32.0,790.0,False,0.0,-0.32674037403314143,27.0,790.0,False,0.0,True,0.05918287748907922,True,-0.059298506742694754,
Dynamic-Trend-Following-ATR-Multi-Period-Trading-Strategy.md,86400000,-1.0265239886032709,6.0,654.0,False,0.0,-1.0265239886032709,6.0,654.0,False,0.0,0.7401925367333384,6.0,654.0,False,0.0,0.7401925367333384,4.0,654.0,False,0.0,False,-0.14316572593496624,False,-0.14316572593496624,
Dynamic-Trend-Following-Multi-Indicator-Staged-Take-Profit-Trading-Strategy.md,86400000,0.41844729609875564,10.0,594.0,False,0.0,0.41844729609875564,10.0,594.0,False,0.0,-0.7859365565704943,8.0,594.0,False,0.0,-0.7859365565704943,8.0,594.0,False,0.0,False,-0.18374463023586934,False,-0.18374463023586934,
EMA-Momentum-Moving-Average-Crossover-Strategy.md,86400000,-1.463292422399482,48.0,1025.0,False,0.0,-1.463292422399482,48.0,1025.0,False,0.0,0.6638126274356749,78.0,1025.0,False,0.0,-0.03407855028663294,41.0,1025.0,False,0.0,True,-0.3997398974819036,True,-0.7486854863430575,
EMA-and-Cumulative-Volume-Crossover-Strategy-for-Long-Short.md,7200000,0.8806868405857742,82.0,1103.0,False,0.0,0.8806868405857742,82.0,1103.0,False,0.0,0.3179990815848799,85.0,1103.0,False,0.0,0.3179990815848799,85.0,1103.0,False,0.0,True,0.599342961085327,True,0.599342961085327,
EMAC-Exponential-Moving-Average-Cross-Optimized-Strategy.md,86400000,0.5431641192010895,42.0,1055.0,False,0.0,0.5431641192010895,42.0,1055.0,False,0.0,-0.6132601748599539,41.0,1055.0,False,0.0,-0.6132601748599539,41.0,1055.0,False,0.0,True,-0.03504802782943217,True,-0.03504802782943217,
Ehlers-Instantaneous-Trendline-Strategy.md,86400000,-0.1179286215014748,426.0,1012.0,False,0.0,-0.1179286215014748,426.0,1012.0,False,0.0,0.18580712126312077,688.0,1012.0,False,0.0,0.18580712126312077,688.0,1012.0,False,0.0,True,0.03393924988082298,True,0.03393924988082298,
Fibonacci-Retracement-Dynamic-Stop-Loss-Strategy.md,3600000,0.36333855703265094,0.0,964.0,False,0.0,-0.17000493140811962,295.0,964.0,False,0.0,0.0236312009934849,0.0,964.0,False,0.0,-0.03741205858403399,396.0,964.0,False,0.0,False,0.19348487901306793,True,-0.1037084949960768,
Fisher-Turnaround-EMA-Multi-Take-Profit-and-Multi-Stop-Strategy.md,86400000,0.288317349493693,26.0,996.0,False,0.0,0.288317349493693,26.0,996.0,False,0.0,0.7634323168970193,0.0,996.0,False,0.0,0.7634323168970193,0.0,996.0,False,0.0,False,0.5258748331953561,False,0.5258748331953561,
Fixed-Fraction-Trading-Strategy.md,3600000,0.0,0.0,1101.0,False,0.0,0.0,0.0,1101.0,False,0.0,0.4357103549471647,7.0,1101.0,False,0.0,0.44222954215857857,1.0,1101.0,False,0.0,False,0.21785517747358235,False,0.22111477107928929,
Gradient-Reversal-Trading-Strategy.md,86400000,0.37554014915368983,17.0,1084.0,False,0.0,0.375540149153686,17.0,1084.0,False,0.0,1.0922015492788082,0.0,1084.0,False,0.0,-0.19669814077217568,18.0,1084.0,False,0.0,False,0.733870849216249,False,0.08942100419075516,
Grid-based-Long-Martingale-Dynamic-Position-Grid-Trading-Strategy.md,86400000,-0.053293734821802136,326.0,919.0,False,0.0,-0.053293734821802136,326.0,919.0,False,0.0,0.36575917210272757,0.0,919.0,False,0.0,-0.11428061211117366,330.0,919.0,False,0.0,False,0.15623271864046273,True,-0.0837871734664879,
Hungry.md,3600000,0.13497574266201778,167.0,1517.0,False,0.0,0.23639514517536528,407.0,1517.0,False,0.0,0.04459618010604144,271.0,1517.0,False,0.0,-0.06533140255557217,647.0,1517.0,False,0.0,True,0.08978596138402961,True,0.08553187130989656,
Ichimoku-and-MACD-Trend-Reversal-Trading-Strategy.md,86400000,-0.121119044926097,17.0,1103.0,False,0.0,-0.05953403876362756,12.0,1103.0,False,0.0,0.0,0.0,1103.0,True,0.0,0.0,0.0,1103.0,True,0.0,False,-0.0605595224630485,False,-0.02976701938181378,
Keltner-Channel-Pullback-Strategy.md,3600000,-3.3775379449780893,275.0,1005.0,False,0.0,-3.3775379449780893,275.0,1005.0,False,0.0,-1.341545417168055,184.0,1005.0,False,0.0,-3.31786298007109,243.0,1005.0,False,0.0,True,-2.3595416810730723,True,-3.34770046252459,
MA-Cross-Strategy.md,3600000,-27.71321888178426,2398.0,846.0,False,0.0,-27.71321888178426,2398.0,846.0,False,0.0,-25.66533416550613,2478.0,846.0,False,0.0,-25.66533416550613,2478.0,846.0,False,0.0,True,-26.689276523645198,True,-26.689276523645198,
MOST-Indicator-Dual-Position-Adaptive-Strategy.md,14400000,0.0,0.0,856.0,False,12582.0,0.0,0.0,856.0,False,12582.0,0.0,0.0,856.0,False,12582.0,0.0,0.0,856.0,False,12582.0,False,0.0,False,0.0,
McGinley-Moving-Average-Trading-Strategy.md,86400000,-4.5369832674898785,56.0,1048.0,False,0.0,-4.5369832674898785,56.0,1048.0,False,0.0,0.2250676433715338,84.0,1048.0,False,0.0,-1.0602550164566507,32.0,1048.0,False,0.0,True,-2.1559578120591723,True,-2.7986191419732647,
Mean-Reversion-Bollinger-Band-Dollar-Cost-Averaging-Investment-Strategy.md,86400000,-2.4969221664360464,11.0,654.0,False,0.0,-2.4969221664360464,11.0,654.0,False,0.0,-3.1186661985207342,17.0,654.0,False,0.0,-3.1186661985207342,17.0,654.0,False,0.0,False,-2.80779418247839,False,-2.80779418247839,
Mean-Reversion-Trading-Strategy-Based-on-Moving-Average.md,86400000,0.0,0.0,1067.0,False,0.0,0.0,0.0,1067.0,False,0.0,0.5858639073809588,1.0,1067.0,True,0.0,-0.13749818190136004,31.0,1067.0,False,0.0,False,0.2929319536904794,False,-0.06874909095068002,
Modified-Bollinger-Bands-Strategy-Take-Profit-and-Martingale-Doubling.md,3600000,,,,,,,,,,,,,,,,,,,,,False,,False,,PineSyntaxError: line 38: unexpected NAME 'if' at end of statement
Momentum-Breakthrough-TTM-Strategy.md,86400000,0.1654900416418197,47.0,1041.0,False,0.0,0.1654900416418197,47.0,1041.0,False,0.0,0.6345143412824307,35.0,1041.0,False,0.0,0.6345143412824307,35.0,1041.0,False,0.0,True,0.4000021914621252,True,0.4000021914621252,
Momentum-Pullback-Strategy.md,86400000,0.13281914520570273,1.0,1020.0,False,0.0,0.8811932509615907,3.0,1020.0,False,0.0,0.3787199492717818,0.0,1020.0,False,0.0,1.2609233939986277,4.0,1020.0,False,0.0,False,0.2557695472387423,False,1.0710583224801091,
Moving-Average-Crossover-MACD-Slow-Line-Momentum-Strategy.md,86400000,0.42998821914323526,4.0,898.0,False,0.0,0.42998821914323526,4.0,898.0,False,0.0,-0.6423741608227984,15.0,898.0,False,0.0,-0.6370586535457109,15.0,898.0,False,0.0,False,-0.10619297083978158,False,-0.10353521720123782,
Moving-Average-Crossover-Strategy-434701.md,86400000,0.5230892822540014,56.0,1024.0,False,0.0,0.5230892822540014,56.0,1024.0,False,0.0,0.3518501245431317,49.0,1024.0,False,0.0,0.3906896195808887,55.0,1024.0,False,0.0,True,0.43746970339856656,True,0.45688945091744504,
Moving-Average-Price-Based-Trading-Strategy.md,3600000,-0.7115331266653564,114.0,968.0,False,0.0,-0.7115331266653571,114.0,968.0,False,0.0,0.13000889761608472,111.0,968.0,False,0.0,0.13000889761608472,111.0,968.0,False,0.0,True,-0.29076211452463585,True,-0.2907621145246362,
Moving-Average-Pullback-Strategy.md,86400000,-0.4676380326583314,7.0,1013.0,False,0.0,-0.4676380326583314,7.0,1013.0,False,0.0,-1.0849662845759058,6.0,1013.0,False,0.0,-1.0849662845759058,6.0,1013.0,False,0.0,False,-0.7763021586171186,False,-0.7763021586171186,
Multi-Dimensional-Short-Term-Trend-Predictor-Technical-Analysis-and-Volatility-Adaptive-Trading-Strategy.md,3600000,0.0,0.0,545.0,False,0.0,0.0,0.0,545.0,False,0.0,0.3768399624769868,260.0,545.0,False,0.0,0.6183744414224721,232.0,545.0,False,0.0,False,0.1884199812384934,False,0.30918722071123605,
Multi-Indicator-Breakout-and-Reversal-Trading-Strategy-A-Dual-Entry-System-with-Opening-Range-Optimization.md,3600000,0.09715632420791735,0.0,544.0,False,0.0,0.09715632420791735,0.0,544.0,False,0.0,-2.7400201834040887,343.0,544.0,False,0.0,-0.9675753461689801,393.0,544.0,False,0.0,False,-1.3214319295980856,False,-0.4352095109805314,
Multi-Indicator-Confirmation-EMA-Breakout-with-DCA-and-Dynamic-Take-Profit-Strategy.md,86400000,-1.2252840533710176,6.0,534.0,False,0.0,-1.2911020467781456,8.0,534.0,False,0.0,-0.6967903344757843,11.0,534.0,False,0.0,-0.6967903344757818,11.0,534.0,False,0.0,False,-0.961037193923401,False,-0.9939461906269637,
Multi-Indicator-Optimized-KDJ-Trend-Crossover-Strategy-Based-on-Dynamic-Stochastic-Pattern-Trading-System.md,14400000,0.07535829750689556,82.0,629.0,False,0.0,0.07535829750689556,82.0,629.0,False,0.0,-0.15065208794215762,97.0,629.0,False,0.0,-0.008945046688878166,77.0,629.0,False,0.0,True,-0.03764689521763103,True,0.0332066254090087,
Multi-Moving-Average-Crossover-Trend-Following-Strategy-with-Volatility-Filter.md,86400000,0.09999158616291076,5.0,790.0,False,0.0,0.09999158616291076,5.0,790.0,False,0.0,-0.5420027125454193,5.0,790.0,False,0.0,-0.5420027125454193,5.0,790.0,False,0.0,False,-0.22100556319125428,False,-0.22100556319125428,
Multi-Period-RSI-Grid-Trading-Strategy.md,14400000,-0.0094793949651252,5.0,1039.0,False,0.0,-0.0094793949651252,5.0,1039.0,False,0.0,0.3569913697731562,41.0,1039.0,False,0.0,0.3569913697731562,41.0,1039.0,False,0.0,False,0.17375598740401552,False,0.17375598740401552,
Multi-Target-EMA-Crossover-Trend-Following-Strategy.md,172800000,-1.0471207676721332,10.0,297.0,False,0.0,0.13838185590484584,14.0,297.0,False,0.0,0.9152011962058949,13.0,297.0,False,0.0,0.8538348445387316,16.0,297.0,False,0.0,False,-0.06595978573311917,False,0.49610835022178873,
Multi-Timeframe-Donchian-Channel-and-ATR-Dynamic-Interval-Volatility-Following-Trading-Strategy.md,3600000,0.2184914687750633,158.0,543.0,False,0.0,-0.0902659054920344,158.0,543.0,False,0.0,1.273627018988489,143.0,543.0,False,0.0,-0.6747464604949414,143.0,543.0,False,0.0,True,0.7460592438817761,True,-0.3825061829934879,
Multi-Timeframe-Moving-Average-Crossover-Strategy.md,3600000,-1.3303098083775917,122.0,951.0,False,0.0,-1.3303098083775917,122.0,951.0,False,0.0,-0.9604545904845074,123.0,951.0,False,0.0,-0.9604545904845074,123.0,951.0,False,0.0,True,-1.1453821994310496,True,-1.1453821994310496,
Multi-Timeframe-Trend-Following-Strategy-with-ATR-Based-Take-Profit-and-Stop-Loss.md,86400000,0.14969718917978592,5.0,646.0,False,0.0,0.14969718917978592,5.0,646.0,False,0.0,-0.7392713059816035,3.0,646.0,False,0.0,-0.7392713059816035,3.0,646.0,False,0.0,False,-0.2947870584009088,False,-0.2947870584009088,
Multi-Timeframe-Trend-Following-with-Stochastic-Oscillator-Strategy.md,86400000,-0.21262434965294913,45.0,586.0,False,0.0,0.07181004385510556,25.0,586.0,False,0.0,0.7170903979039489,27.0,586.0,False,0.0,0.876944784187415,25.0,586.0,False,0.0,True,0.25223302412549986,True,0.47437741402126027,
Multi-timeframe-RSICCIBollinger-Band-DCA-Strategy.md,86400000,0.7883888503981673,31.0,1041.0,False,0.0,0.7883888503981673,31.0,1041.0,False,0.0,0.457758345730452,2.0,1041.0,False,0.0,0.457758345730452,2.0,1041.0,False,0.0,False,0.6230735980643096,False,0.6230735980643096,
NMVOB-S.md,3600000,-0.8477419142327073,491.0,1600.0,False,0.0,-0.8477419142327073,491.0,1600.0,False,0.0,-0.639850023781965,512.0,1600.0,False,0.0,-0.639850023781965,512.0,1600.0,False,0.0,True,-0.7437959690073361,True,-0.7437959690073361,
QFL-Oscillation-Stop-Loss-Moving-Average-Strategy.md,86400000,-0.018444534802503205,4.0,586.0,False,0.0,-0.018444534802503205,4.0,586.0,False,0.0,0.7294227979725999,7.0,586.0,False,0.0,0.7294227979725999,7.0,586.0,False,0.0,False,0.35548913158504836,False,0.35548913158504836,
Quadruple-EMA-Indicators-Trading-Strategy.md,7200000,-0.4784447410900594,579.0,1111.0,False,0.0,-0.9971653743634331,289.0,1111.0,False,0.0,0.5249719120754492,574.0,1111.0,False,0.0,-0.2600130975337802,286.0,1111.0,False,0.0,True,0.023263585492694916,True,-0.6285892359486067,
RSI-Indicator-Based-Short-term-Trading-Strategy.md,86400000,0.48722922086481196,4.0,984.0,False,0.0,0.48722922086481196,4.0,984.0,False,0.0,-0.026547736517273338,3.0,984.0,False,0.0,-0.026547736517273338,3.0,984.0,False,0.0,False,0.23034074217376932,False,0.23034074217376932,
RSI-Indicator-Grid-Trading-Strategy.md,3600000,0.0,0.0,972.0,True,0.0,0.0,0.0,972.0,True,0.0,-0.6416091167585664,1.0,972.0,True,0.0,-0.6416091167585664,1.0,972.0,True,0.0,False,-0.3208045583792832,False,-0.3208045583792832,
RSI-V-shaped-Pattern-Swing-Trading-Strategy.md,3600000,-0.16213877383069616,651.0,989.0,False,0.0,-0.16213877383069616,651.0,989.0,False,0.0,-0.33831603502084046,701.0,989.0,False,0.0,-0.33831603502084046,701.0,989.0,False,0.0,True,-0.2502274044257683,True,-0.2502274044257683,
RSI-W-Pattern-Breakout-Strategy.md,10800000,0.6621458570382727,179.0,1106.0,False,0.0,0.6621458570382727,179.0,1106.0,False,0.0,-0.012367799829489452,135.0,1106.0,False,0.0,-0.012367799829489452,135.0,1106.0,False,0.0,True,0.3248890286043916,True,0.3248890286043916,
RSI2-Strategy-Intraday-Reversal-Win-Rate-Backtest.md,3600000,-0.4136667537980218,86.0,881.0,False,0.0,-0.4136667537980218,86.0,881.0,False,0.0,0.8078901229896164,0.0,881.0,False,0.0,-0.3864148161996074,132.0,881.0,False,0.0,False,0.19711168459579728,True,-0.40004078499881457,
Reversal-Trading-Strategy-Based-on-Generalized-Support-Resistance.md,3600000,-1.0248116551610065,602.0,1063.0,False,0.0,1.2106329959370221,0.0,1063.0,False,0.0,0.08731195422320959,0.0,1063.0,False,0.0,1.3196806324727404,0.0,1063.0,False,0.0,False,-0.46874985046889844,False,1.2651568142048812,
SSL-Channel-Dual-Tranche-Profit-Strategy.md,86400000,0.9782926429326887,20.0,542.0,False,0.0,0.9782926429326887,20.0,542.0,False,0.0,-0.2969331711660568,27.0,542.0,False,0.0,-0.2969331711660568,27.0,542.0,False,0.0,True,0.34067973588331596,True,0.34067973588331596,
Simple-Momentum-Strategy-Based-on-SMA-EMA-and-Volume.md,7200000,0.5273260555514592,260.0,1024.0,False,0.0,0.43436666598594553,233.0,1024.0,False,0.0,0.7860452125288323,275.0,1024.0,False,0.0,0.1022402416371927,229.0,1024.0,False,0.0,True,0.6566856340401457,True,0.2683034538115691,
Slow-Moving-Average-Strategy.md,3600000,,,,,,,,,,,,,,,,,,,,,False,,False,,CompileError: unsupported function low
Starbucks-Bullish-Hammer-Trading-Strategy.md,10800000,0.23310056162991893,24.0,1105.0,False,0.0,0.23310056162991893,24.0,1105.0,False,0.0,0.8122578223130233,23.0,1105.0,False,0.0,0.8122578223130233,23.0,1105.0,False,0.0,True,0.5226791919714712,True,0.5226791919714712,
The-Dynamic-Box-Percentage-Tracking-Strategy.md,86400000,0.44699834977808495,12.0,1039.0,False,0.0,0.44699834977808495,12.0,1039.0,False,0.0,0.6203412909712569,13.0,1039.0,False,0.0,0.6203412909712569,13.0,1039.0,False,0.0,False,0.5336698203746709,False,0.5336698203746709,
Trading-Strategy-Based-on-MACD-and-RSI-Crossover-Signals.md,3600000,0.37119544647222913,243.0,1014.0,False,0.0,0.37119544647222913,243.0,1014.0,False,0.0,0.35260855172565375,274.0,1014.0,False,0.0,0.35260855172565375,274.0,1014.0,False,0.0,True,0.36190199909894144,True,0.36190199909894144,
Trailing-Take-Profit-Trailing-Stop-Loss-Strategy.md,3600000,0.0265597421720709,66.0,1021.0,False,0.0,0.0265597421720709,66.0,1021.0,False,0.0,-0.17440472391523618,101.0,1021.0,False,0.0,-0.17440472391523618,101.0,1021.0,False,0.0,True,-0.07392249087158263,True,-0.07392249087158263,
Trend-Following-Grid-Strategy.md,86400000,0.0,0.0,1024.0,True,0.0,0.0,0.0,1024.0,True,0.0,0.7207232220045089,0.0,1024.0,False,0.0,0.7207232220045089,0.0,1024.0,False,0.0,False,0.36036161100225444,False,0.36036161100225444,
Trend-Following-Moving-Average-Crossover-Trading-Strategy.md,3600000,-0.31551991761419235,839.0,1056.0,False,0.0,-0.31551991761419235,839.0,1056.0,False,0.0,0.13175448900748582,878.0,1056.0,False,0.0,0.13175448900748582,878.0,1056.0,False,0.0,True,-0.09188271430335326,True,-0.09188271430335326,
Triangle-Breakout-Trend-Following-Strategy.md,3600000,0.6910272963416555,411.0,1103.0,False,0.0,0.6910272963416555,411.0,1103.0,False,0.0,-0.06955665002039176,361.0,1103.0,False,0.0,-0.06955665002039176,361.0,1103.0,False,0.0,True,0.31073532316063185,True,0.31073532316063185,
Triple-Confirmation-Trend-Tracking-Strategy.md,3600000,0.5445721182637318,220.0,941.0,False,0.0,0.544572118263733,220.0,941.0,False,0.0,0.15848562440188513,210.0,941.0,False,0.0,0.12208442919952246,208.0,941.0,False,0.0,True,0.3515288713328084,True,0.3333282737316277,
Turnaround-After-Consolidation-Strategy.md,86400000,0.6331261684712292,6.0,1059.0,False,0.0,0.5140317114697693,13.0,1059.0,False,0.0,0.4745238099206964,0.0,1059.0,False,0.0,0.2830264612917509,0.0,1059.0,False,0.0,False,0.5538249891959628,False,0.3985290863807601,
VB-Strategy-Based-on-Volume-Balances.md,10800000,-0.19594273457834796,159.0,1063.0,False,0.0,-0.19594273457834796,159.0,1063.0,False,0.0,0.1578272747222017,167.0,1063.0,False,0.0,0.1578272747222017,167.0,1063.0,False,0.0,True,-0.019057729928073128,True,-0.019057729928073128,
X48-DayLight-Hunter-Strategy-Optimization-and-Adaptation.md,3600000,,,,,,,,,,,,,,,,,,,,,False,,False,,Unsupported: import of a library
ZVWAP-Strategy-Based-on-Z-Distance-from-VWAP.md,86400000,0.32591483075712363,17.0,1052.0,False,0.0,0.32591483075712363,17.0,1052.0,False,0.0,0.8066010359606047,20.0,1052.0,False,0.0,0.8066010359606047,20.0,1052.0,False,0.0,False,0.5662579333588642,False,0.5662579333588642,
