file,tf_ms,eng_btc_sharpe,eng_btc_trades,eng_btc_days,eng_btc_blown,eng_btc_err,tv_btc_sharpe,tv_btc_trades,tv_btc_days,tv_btc_blown,tv_btc_err,eng_eth_sharpe,eng_eth_trades,eng_eth_days,eng_eth_blown,eng_eth_err,tv_eth_sharpe,tv_eth_trades,tv_eth_days,tv_eth_blown,tv_eth_err,eng_eligible,eng_score,tv_eligible,tv_score,error
10EMA-Double-Cross-Trend-Tracking-Strategy.md,86400000,0.0,0.0,1003.0,False,0.0,0.0,0.0,1003.0,False,0.0,0.0,0.0,1003.0,False,0.0,0.0,0.0,1003.0,False,0.0,False,0.0,False,0.0,
5EMA-Trend-Following-Strategy-with-Dynamic-Stop-Loss-and-Take-Profit.md,7200000,-0.9220435329589471,1.0,821.0,True,0.0,-0.9220435329589471,1.0,821.0,True,0.0,0.0,0.0,821.0,True,0.0,0.0,0.0,821.0,True,0.0,False,-0.46102176647947357,False,-0.46102176647947357,
AI-Optimized-Adaptive-Stop-Loss-Trading-System-with-Multiple-Technical-Indicator-Integration.md,3600000,-3.9416070836060797,2233.0,669.0,False,0.0,-3.9416070836060806,2233.0,669.0,False,0.0,-2.5065728901583872,2327.0,669.0,False,0.0,-2.495643897998584,2327.0,669.0,False,0.0,True,-3.2240899868822335,True,-3.2186254908023324,
Adaptive-Fibonacci-Bollinger-Bands-Strategy-Analysis.md,86400000,0.367156571393903,21.0,629.0,False,0.0,0.367156571393903,21.0,629.0,False,0.0,1.5458036308953769,12.0,629.0,False,0.0,1.5458036308953769,12.0,629.0,False,0.0,False,0.95648010114464,False,0.95648010114464,
Adaptive-Momentum-Martingale-Trading-System.md,3600000,-3.68462709684664,1755.0,629.0,False,0.0,-3.68462709684664,1755.0,629.0,False,0.0,-3.293121466972966,1775.0,629.0,False,0.0,-3.293121466972966,1775.0,629.0,False,0.0,True,-3.488874281909803,True,-3.488874281909803,
Advanced-Momentum-EMA-Trend-Following-with-RSI-Overbought-Oversold-Trading-Strategy.md,86400000,-0.07741093034164935,9.0,584.0,False,0.0,-0.07741093034164935,9.0,584.0,False,0.0,-0.39370215634172423,6.0,584.0,False,0.0,-0.39370215634172423,6.0,584.0,False,0.0,False,-0.2355565433416868,False,-0.2355565433416868,
BONK-Multi-Factor-Trading-Strategy.md,86400000,-0.26103183622359755,14.0,857.0,False,0.0,-0.26103183622359755,14.0,857.0,False,0.0,0.0,0.0,857.0,True,0.0,0.0,0.0,857.0,True,0.0,False,-0.13051591811179877,False,-0.13051591811179877,
Bollinger-Band-Mean-Reversion-Trading-Strategy.md,86400000,-0.9227283867061569,1.0,1005.0,True,0.0,-0.9227283867061569,1.0,1005.0,True,0.0,-0.8294155686746446,1.0,1005.0,True,0.0,-0.8294155686746446,1.0,1005.0,True,0.0,False,-0.8760719776904007,False,-0.8760719776904007,
Confirmed-SMA-Crossover-Momentum-Strategy.md,86400000,0.13602150554492728,32.0,793.0,False,0.0,0.8992456238001237,14.0,793.0,False,0.0,0.6619298624577349,28.0,793.0,False,0.0,0.13976782048026545,14.0,793.0,False,0.0,True,0.3989756840013311,False,0.5195067221401946,
Dual-Filter-Index-Fund-Strategy-Based-on-Moving-Averages-and-Supertrend-Indicator.md,86400000,0.3894729480192689,3.0,933.0,False,0.0,0.3894729480192689,3.0,933.0,False,0.0,0.0,0.0,933.0,True,0.0,0.0,0.0,933.0,True,0.0,False,0.19473647400963445,False,0.19473647400963445,
Dual-Moving-Average-Crossover-Strategy-with-Adaptive-Stop-Loss-and-Take-Profit.md,3600000,-0.8387931811057703,288.0,669.0,False,0.0,-0.27601509154112736,20.0,669.0,False,0.0,-0.6608768208008565,384.0,669.0,False,0.0,0.22216946258763323,67.0,669.0,False,0.0,True,-0.7498350009533135,True,-0.026922814476747062,
Dynamic-QQE-Trend-Following-with-Risk-Management-Quantitative-Trading-Strategy.md,10800000,-1.6925616610140453,290.0,618.0,False,0.0,-1.6925616610140453,290.0,618.0,False,0.0,-1.080373132938108,301.0,618.0,False,0.0,-1.080373132938108,301.0,618.0,False,0.0,True,-1.3864673969760766,True,-1.3864673969760766,
Dynamic-Risk-Managed-EMA-Crossover-with-Bollinger-Bands-Strategy.md,86400000,-1.473929685280515,21.0,713.0,False,0.0,-1.473929685280515,21.0,713.0,False,0.0,0.0,0.0,713.0,True,0.0,0.0,0.0,713.0,True,0.0,False,-0.7369648426402575,False,-0.7369648426402575,
Dynamic-Stop-Loss-Moving-Average-Strategy.md,3600000,-0.6574054178626978,723.0,972.0,False,0.0,-0.6574054178626978,723.0,972.0,False,0.0,-0.5913063860969965,716.0,972.0,False,0.0,-0.5913063860969965,716.0,972.0,False,0.0,True,-0.6243559019798471,True,-0.6243559019798471,
Dynamic-Stop-Loss-and-Take-Profit-Bollinger-Bands-Strategy.md,7200000,-0.4630619867230014,239.0,863.0,False,0.0,-0.4630619867230014,239.0,863.0,False,0.0,-0.997212982794354,243.0,863.0,False,0.0,-0.997212982794354,243.0,863.0,False,0.0,True,-0.7301374847586777,True,-0.7301374847586777,
Dynamic-Trend-Following-Dual-Moving-Average-Crossover-Trading-Strategy.md,86400000,-0.2810191989715818,5.0,596.0,False,0.0,-0.2810191989715818,5.0,596.0,False,0.0,0.49204362159735915,1.0,596.0,False,0.0,0.49204362159735915,1.0,596.0,False,0.0,False,0.10551221131288868,False,0.10551221131288868,
Dynamic-Trend-Following-Strategy-Combining-Supertrend-and-EMA.md,3600000,-0.45694327215122554,278.0,818.0,False,0.0,-0.45694327215122554,278.0,818.0,False,0.0,-0.08365231803965151,279.0,818.0,False,0.0,-0.08365231803965151,279.0,818.0,False,0.0,True,-0.2702977950954385,True,-0.2702977950954385,
Dynamic-Trend-Following-Strategy-Multi-Indicator-Integrated-Momentum-Analysis-System.md,86400000,0.08200308726627595,14.0,789.0,False,0.0,0.08200308726627595,14.0,789.0,False,0.0,0.4661432707399101,14.0,789.0,False,0.0,0.4661432707399101,14.0,789.0,False,0.0,False,0.274073179003093,False,0.274073179003093,
EMA-Trend-Following-Automated-Trading-Strategy.md,86400000,0.6829452200999488,50.0,790.0,False,0.0,-0.31814832800401627,24.0,790.0,False,0.0,0.6374185631136634,53.0,790.0,False,0.0,0.0,0.0,790.0,True,0.0,True,0.6601818916068061,False,-0.15907416400200813,
High-Frequency-Mean-Reversion-Trading-System-with-Fixed-Stop-Loss-and-Take-Profit-for-Volatility-Zone-Trading.md,3600000,0.356534658136928,18.0,544.0,False,0.0,0.3565346581369255,18.0,544.0,False,0.0,-0.24788646357195887,5.0,544.0,True,0.0,-0.24788646357195887,5.0,544.0,True,0.0,False,0.05432409728248455,False,0.0543240972824833,
High-Low-Breakout-Strategy-with-Alpha-Trend-and-Moving-Average-Filter.md,86400000,0.23010135438673757,20.0,788.0,False,0.0,0.23010135438673757,20.0,788.0,False,0.0,1.2065976602123358,16.0,788.0,False,0.0,1.2065976602123358,16.0,788.0,False,0.0,False,0.7183495072995367,False,0.7183495072995367,
Hilo-Activator-MACD-Dynamic-Stop-Loss-Take-Profit-Trading-Strategy.md,3600000,0.106903712534194,278.0,828.0,False,0.0,0.106903712534194,278.0,828.0,False,0.0,-0.1382086081220464,270.0,828.0,False,0.0,-0.1382086081220464,270.0,828.0,False,0.0,True,-0.015652447793926202,True,-0.015652447793926202,
Large-Volatility-Breakout-Dual-Direction-Trading-Strategy-Point-Based-Threshold-Entry-System.md,3600000,-29.731303896239037,2016.0,678.0,False,0.0,-25.93674882001753,1761.0,678.0,False,0.0,0.06548646612142284,5.0,678.0,False,0.0,-0.5330888855324469,5.0,678.0,False,0.0,False,-14.832908715058807,False,-13.234918852774989,
MACD-Convergence-Strategy-with-RR-Daily-Limits-and-Tighter-Stop-Loss.md,86400000,0.6492560438346013,18.0,846.0,False,0.0,0.6492560438346013,18.0,846.0,False,0.0,0.2771607008773161,14.0,846.0,False,0.0,0.2771607008773161,14.0,846.0,False,0.0,False,0.4632083723559587,False,0.4632083723559587,
Market-Structure-Based-Support-Resistance-Zone-Candlestick-Breakout-Strategy.md,3600000,-1.8782689048964842,487.0,584.0,False,0.0,-1.8782689048964842,487.0,584.0,False,0.0,-1.1185159631810078,474.0,584.0,False,0.0,-1.1185159631810078,474.0,584.0,False,0.0,True,-1.498392434038746,True,-1.498392434038746,
Momentum-Breakout-Moving-Average-Strategy.md,86400000,0.2953499387432136,6.0,1035.0,False,0.0,0.2953499387432136,6.0,1035.0,False,0.0,-0.008999417124955824,6.0,1035.0,False,0.0,-0.008999417124955824,6.0,1035.0,False,0.0,False,0.14317526080912887,False,0.14317526080912887,
Momentum-Reversal-Trading-Strategy-428631.md,7200000,-1.9991462155133155,1272.0,1086.0,False,0.0,-1.736995390616002,951.0,1086.0,False,0.0,-1.7935496953128665,1304.0,1086.0,False,0.0,-1.389032418120419,931.0,1086.0,False,0.0,True,-1.8963479554130909,True,-1.5630139043682105,
Multi-Dimensional-Short-Term-Trend-Predictor-Technical-Analysis-and-Volatility-Adaptive-Trading-Strategy.md,3600000,0.0,0.0,545.0,False,0.0,0.0,0.0,545.0,False,0.0,0.3768399624769868,260.0,545.0,False,0.0,0.4891517856987612,260.0,545.0,False,0.0,False,0.1884199812384934,False,0.2445758928493806,
Multi-EMA-Trend-Momentum-Crossover-Trading-System.md,3600000,-0.10450229223361712,35.0,577.0,False,0.0,-0.10450229223361712,35.0,577.0,False,0.0,0.37203169628741944,27.0,577.0,False,0.0,0.37203169628741944,27.0,577.0,False,0.0,True,0.13376470202690116,True,0.13376470202690116,
Multi-Indicator-Cross-Momentum-Trading-Strategy-EMA-Trend-with-RSI-Overbought-Oversold-Breakout-System.md,86400000,0.5613083318783589,1.0,550.0,False,0.0,0.5613083318783589,1.0,550.0,False,0.0,0.0,0.0,550.0,True,0.0,0.0,0.0,550.0,True,0.0,False,0.28065416593917947,False,0.28065416593917947,
Multi-Indicator-Crossover-Dynamic-Strategy-System-A-Quantitative-Trading-Model-Based-on-EMA-RVI-and-Trading-Signals.md,7200000,0.768457435709236,22.0,684.0,False,0.0,0.0,0.0,684.0,True,0.0,0.0,0.0,684.0,True,0.0,-1.1753844138926097,1.0,684.0,True,0.0,False,0.384228717854618,False,-0.5876922069463049,
Multi-Indicator-Integration-and-Intelligent-Risk-Control-Quantitative-Trading-System.md,3600000,-0.022212781219103125,40.0,684.0,False,0.0,0.2979212316571934,19.0,684.0,False,0.0,0.3582767370221276,53.0,684.0,False,0.0,-0.11516802064458968,33.0,684.0,False,0.0,True,0.16803197790151223,False,0.09137660550630186,
Multi-Indicator-Trend-Following-Strategy-Integrating-SuperTrend-EMA-and-Risk-Management.md,86400000,-0.043096369734310705,6.0,793.0,False,0.0,-0.043096369734310705,6.0,793.0,False,0.0,0.2973774337879283,5.0,793.0,False,0.0,0.2973774337879283,5.0,793.0,False,0.0,False,0.1271405320268088,False,0.1271405320268088,
Multi-Indicator-Trend-Momentum-Trading-Strategy-An-Optimized-Quantitative-Trading-System-Based-on-Bollinger-Bands-Fibonacci-and-ATR.md,3600000,-0.23903829217996553,113.0,625.0,False,0.0,-0.23903829217996553,113.0,625.0,False,0.0,-0.6673359529385644,93.0,625.0,False,0.0,-0.6673359529385644,93.0,625.0,False,0.0,True,-0.45318712255926497,True,-0.45318712255926497,
Multi-Moving-Average-ATR-Dynamic-Volatility-Strategy.md,86400000,0.8055388037345461,19.0,550.0,False,0.0,0.8055388037345461,19.0,550.0,False,0.0,-0.3061512696030839,18.0,550.0,False,0.0,-0.3061512696030839,18.0,550.0,False,0.0,False,0.2496937670657311,False,0.2496937670657311,
Multi-Period-Supertrend-Percentage-Risk-Management-Strategy.md,86400000,-0.07516620076299682,13.0,578.0,False,0.0,-0.07516620076299682,13.0,578.0,False,0.0,0.5094835637808952,11.0,578.0,False,0.0,0.5094835637808952,11.0,578.0,False,0.0,False,0.21715868150894918,False,0.21715868150894918,
Multi-Period-Technical-Indicator-Dynamic-Trading-System-Strategy.md,3600000,-1.7269239580164042,57.0,618.0,False,0.0,-1.7269239580164042,57.0,618.0,False,0.0,0.0,0.0,618.0,True,0.0,0.0,0.0,618.0,True,0.0,False,-0.8634619790082021,False,-0.8634619790082021,
Multi-Timeframe-Bollinger-Momentum-Breakout-Strategy-with-Hull-Moving-Average.md,86400000,-0.42981150850439853,1.0,667.0,False,0.0,-0.42981150850439853,1.0,667.0,False,0.0,-0.7515147566458081,1.0,667.0,False,0.0,-0.7515147566458081,1.0,667.0,False,0.0,False,-0.5906631325751033,False,-0.5906631325751033,
Multi-Timeframe-EMA-RSI-AO-PSAR-Dynamic-Stop-Loss-and-Take-Profit-Strategy.md,86400000,-0.3351949456140387,17.0,544.0,False,0.0,-0.5123465442771766,17.0,544.0,False,0.0,0.4927925173015774,17.0,544.0,False,0.0,0.25533217638574446,17.0,544.0,False,0.0,False,0.07879878584376937,False,-0.12850718394571609,
Multi-Timeframe-EMA-with-Fibonacci-Retracement-and-Pivot-Points-Trading-Strategy.md,86400000,0.2215977119125712,10.0,655.0,False,0.0,0.0,0.0,655.0,False,0.0,0.48630289590895304,4.0,655.0,False,0.0,0.0,0.0,655.0,False,0.0,False,0.3539503039107621,False,0.0,
Multi-Timeframe-Exponential-Moving-Average-Crossover-Strategy.md,86400000,0.0,0.0,789.0,False,0.0,0.0,0.0,789.0,False,0.0,0.0,0.0,789.0,False,0.0,0.0,0.0,789.0,False,0.0,False,0.0,False,0.0,
Multi-Timeframe-Trend-Following-Strategy-with-200-EMA-Filter-Long-Only.md,86400000,0.3241038459345332,74.0,857.0,False,0.0,0.3241038459345332,74.0,857.0,False,0.0,-0.22414429670346067,65.0,857.0,False,0.0,-0.22414429670346067,65.0,857.0,False,0.0,True,0.04997977461553625,True,0.04997977461553625,
Multi-Timeframe-Trend-Trading-Strategy-Based-on-MACD-ADX-and-EMA200.md,3600000,0.18079849903131934,69.0,919.0,False,0.0,0.18079849903131934,69.0,919.0,False,0.0,-0.19802713292991556,83.0,919.0,False,0.0,-0.19802713292991556,83.0,919.0,False,0.0,True,-0.00861431694929811,True,-0.00861431694929811,
Multi-timeframe-Fair-Value-Gap-Breakout-Strategy-with-Historical-Backtest.md,86400000,0.0,0.0,618.0,False,0.0,0.0,0.0,618.0,False,0.0,0.0,0.0,618.0,False,0.0,0.0,0.0,618.0,False,0.0,False,0.0,False,0.0,
NMVOB-S.md,3600000,-0.8477419142327073,491.0,1600.0,False,0.0,-0.8490359723808778,491.0,1600.0,False,0.0,-0.639850023781965,512.0,1600.0,False,0.0,-0.662204002752962,511.0,1600.0,False,0.0,True,-0.7437959690073361,True,-0.7556199875669198,
Open-High-Close-Low-Breakout-Trading-Strategy.md,3600000,-0.9654930035437679,444.0,968.0,False,0.0,-0.9654930035437679,444.0,968.0,False,0.0,-0.9178655635507557,300.0,968.0,False,0.0,-0.9178655635507557,300.0,968.0,False,0.0,True,-0.9416792835472618,True,-0.9416792835472618,
Open-High-Low-Stop-Loss-Tracking-Strategy.md,3600000,-0.9723786075614687,439.0,952.0,False,0.0,-0.9723786075614687,439.0,952.0,False,0.0,-0.9451407416380825,295.0,952.0,False,0.0,-0.9451407416380825,295.0,952.0,False,0.0,True,-0.9587596745997755,True,-0.9587596745997755,
Reversal-Catcher-Strategy.md,3600000,-0.5535522975065819,42.0,1038.0,False,0.0,-0.5535522975065819,42.0,1038.0,False,0.0,0.607545232649111,40.0,1038.0,False,0.0,0.607545232649111,40.0,1038.0,False,0.0,True,0.02699646757126456,True,0.02699646757126456,
SMA-Crossover-Strategy-with-RSI-Filter-and-Alerts.md,3600000,0.2790709411524088,110.0,832.0,False,0.0,-0.44072957964188253,83.0,832.0,False,0.0,-0.8056633490073172,87.0,832.0,False,0.0,-0.7860702154837128,60.0,832.0,False,0.0,True,-0.2632962039274542,True,-0.6133998975627977,
SMC-Market-High-Low-Breakout-Strategy.md,3600000,-0.3218355661618273,474.0,857.0,False,0.0,-0.3218355661618238,474.0,857.0,False,0.0,0.3294113446932705,486.0,857.0,False,0.0,0.3294113446932705,486.0,857.0,False,0.0,True,0.0037878892657216,True,0.0037878892657233487,
SUPERTREND-Trend-following-Long-Position-with-Stop-loss-and-Take-profit-Strategy.md,3600000,0.0,0.0,832.0,True,0.0,0.0,0.0,832.0,True,0.0,-0.9359335040352902,1.0,832.0,True,0.0,-0.9359335040352902,1.0,832.0,True,0.0,False,-0.4679667520176451,False,-0.4679667520176451,
Short-Term-Trading-Strategy-Based-on-Bollinger-Bands-Moving-Average-and-RSI.md,86400000,-0.08684374448591867,7.0,866.0,False,0.0,-0.08684374448591867,7.0,866.0,False,0.0,-0.025804759211524666,3.0,866.0,False,0.0,-0.025804759211524666,3.0,866.0,False,0.0,False,-0.05632425184872167,False,-0.05632425184872167,
Simple-Combined-Strategy-Pivot-Point-SuperTrend-and-DEMA.md,14400000,-0.40141397233837506,75.0,832.0,False,0.0,-0.4688428322538921,75.0,832.0,False,0.0,0.0164120256120978,71.0,832.0,False,0.0,0.013276859651582044,71.0,832.0,False,0.0,True,-0.19250097336313862,True,-0.22778298630115504,
Swing-Points-Breakouts-Long-term-strategy.md,14400000,0.23023761287963956,443.0,952.0,False,0.0,0.23023761287963956,443.0,952.0,False,0.0,0.3627710978449585,442.0,952.0,False,0.0,0.3627710978449585,442.0,952.0,False,0.0,True,0.296504355362299,True,0.296504355362299,
The-Dynamic-Box-Percentage-Tracking-Strategy.md,86400000,0.44699834977808495,12.0,1039.0,False,0.0,0.44699834977808495,12.0,1039.0,False,0.0,0.6203412909712569,13.0,1039.0,False,0.0,0.6203412909712569,13.0,1039.0,False,0.0,False,0.5336698203746709,False,0.5336698203746709,
Trend-Following-Strategy-Based-on-Moving-Average-Breakout.md,3600000,,,,,,,,,,,,,,,,,,,,,False,,False,,CompileError: unsupported function timeframe.change
Triple-Exponential-Moving-Average-Trend-Trading-Strategy.md,3600000,0.2048926028244415,77.0,668.0,False,0.0,0.2048926028244415,77.0,668.0,False,0.0,0.5945736379166204,75.0,668.0,False,0.0,0.5945736379166204,75.0,668.0,False,0.0,True,0.399733120370531,True,0.399733120370531,
Volume-Difference-Delta-Cycle-Oscillator-Trading-Strategy.md,86400000,0.05538203406878228,14.0,1063.0,False,0.0,0.08557078372740527,15.0,1063.0,False,0.0,0.662149126529667,14.0,1063.0,False,0.0,0.8330392467616015,16.0,1063.0,False,0.0,False,0.3587655802992246,False,0.45930501524450335,
v20-Squeeze-Backtest-Transformer-v20.md,86400000,-39.315847312484244,882.0,882.0,False,0.0,-3.0982429772641047,386.0,882.0,False,0.0,-29.85370032311703,882.0,882.0,False,0.0,-3.4598943264620585,524.0,882.0,False,0.0,True,-34.58477381780064,True,-3.2790686518630814,
