n,mean,median,stdev,share_losers,share_ge_5pct,p10,p90,max,min,split,horizon,group,first_trigger_only
283,0.008742800136850318,0.004747371990505345,0.09473643141765234,0.4558303886925795,0.22968197879858657,-0.08701151392235996,0.10427396279372847,0.4280215550423403,-0.3755294117647059,dev,5,A_positive,True
188,0.005788125054281276,0.009347039213482566,0.08338599524451454,0.43617021276595747,0.23404255319148937,-0.09199713971047174,0.08883320241042109,0.30582055053582713,-0.4263322884012539,dev,5,A_negative,True
471,0.007563439382024459,0.005607476635514086,0.09029722388076285,0.44798301486199577,0.23142250530785563,-0.09049150206706469,0.09304732336061727,0.4280215550423403,-0.4263322884012539,dev,5,A_all,True
3833,0.015662027001298873,0.010739676297080614,0.08484398255032845,0.40751369684320377,0.24628228541612315,-0.06863999348038768,0.0979423008570249,1.1248303934871098,-0.3425641025641025,dev,5,B_quiet,True
283,0.053522699874049465,0.03944424207732733,0.18639622508029288,0.38869257950530034,0.44876325088339225,-0.1417989044134486,0.259657139788411,1.1631408423861256,-0.44001351808043254,dev,20,A_positive,True
188,0.021358350673555525,0.004319311995964692,0.15352077247880247,0.4627659574468085,0.35106382978723405,-0.14783618422937653,0.18931862517326495,0.6723415754627751,-0.3557503130030405,dev,20,A_negative,True
471,0.040684275989351246,0.022327874625814426,0.1745625360023285,0.4182590233545648,0.40976645435244163,-0.1453726728946838,0.23004774897680758,1.1631408423861256,-0.44001351808043254,dev,20,A_all,True
3833,0.06015373839337712,0.03446752098983663,0.1974043039174012,0.3863814244716932,0.4591703626402296,-0.13147963529646686,0.27691516945229605,1.8151382823871907,-0.562857142857143,dev,20,B_quiet,True
283,0.15993947092419739,0.07607240053566011,0.45825347048081916,0.3462897526501767,0.568904593639576,-0.22558420327623638,0.5371010826310206,3.6231048473200937,-0.7227663995250816,dev,60,A_positive,True
188,0.15816419305768492,0.09439791623594751,0.3134607055818049,0.3191489361702128,0.601063829787234,-0.14226924335146146,0.5773218619463826,1.8472222222222223,-0.4640685737067676,dev,60,A_negative,True
471,0.15923086744457032,0.07874617737003042,0.4063157518561963,0.3354564755838641,0.5817409766454352,-0.19262491817586735,0.5762009581768743,3.6231048473200937,-0.7227663995250816,dev,60,A_all,True
3833,0.22026927409962943,0.1173215273934698,0.46882916383440787,0.2882859379076441,0.6230106965823115,-0.15301757330539106,0.707192761086292,5.350381336922387,-0.6082817705854355,dev,60,B_quiet,True
996,0.005538190942676061,0.008265027322404417,0.0930467068885009,0.4508032128514056,0.22690763052208834,-0.08580159830367445,0.09675419602102231,0.6095238095238094,-0.6295103092783505,dev,5,A_positive,False
779,0.014719719341141245,0.012968299711815456,0.09077608987749483,0.40949935815147626,0.3042362002567394,-0.08260606465620943,0.11617636126172058,0.5942760942760943,-0.4639639639639639,dev,5,A_negative,False
1775,0.009567718053889793,0.009771986970684043,0.09214407947171015,0.4326760563380282,0.2608450704225352,-0.08448632177579336,0.10475942046552619,0.6095238095238094,-0.6295103092783505,dev,5,A_all,False
3833,0.015662027001298873,0.010739676297080614,0.08484398255032845,0.40751369684320377,0.24628228541612315,-0.06863999348038768,0.0979423008570249,1.1248303934871098,-0.3425641025641025,dev,5,B_quiet,False
996,0.0684529314042122,0.051757080166391356,0.189983025491333,0.3413654618473896,0.5040160642570282,-0.14163305254658765,0.29309003512171716,1.1631408423861256,-0.552021563342318,dev,20,A_positive,False
779,0.038302677964611884,0.01783634245777521,0.18655522955249013,0.44030808729139925,0.42105263157894735,-0.15268428418754143,0.23572856167940234,1.3008695652173912,-0.5818965517241379,dev,20,A_negative,False
1775,0.05522079200733973,0.03848512726157627,0.189026848199822,0.3847887323943662,0.4676056338028169,-0.1463505486761301,0.26955546178982415,1.3008695652173912,-0.5818965517241379,dev,20,A_all,False
3833,0.06015373839337712,0.03446752098983663,0.1974043039174012,0.3863814244716932,0.4591703626402296,-0.13147963529646686,0.27691516945229605,1.8151382823871907,-0.562857142857143,dev,20,B_quiet,False
996,0.21927703375994834,0.12971624349804178,0.4442755117769355,0.2751004016064257,0.6405622489959839,-0.18764881927422733,0.6778443145861918,4.130248500428449,-0.7505727376861397,dev,60,A_positive,False
779,0.20855252893486037,0.13295526149968495,0.3999843799874097,0.2926829268292683,0.6405648267008985,-0.14544170429490014,0.6163772370375612,5.015940727436012,-0.5893854748603352,dev,60,A_negative,False
1775,0.2145703355860083,0.1312594295567211,0.42532193530377044,0.2828169014084507,0.6405633802816901,-0.16582669908746722,0.6476146979454093,5.015940727436012,-0.7505727376861397,dev,60,A_all,False
3833,0.22026927409962943,0.1173215273934698,0.46882916383440787,0.2882859379076441,0.6230106965823115,-0.15301757330539106,0.707192761086292,5.350381336922387,-0.6082817705854355,dev,60,B_quiet,False
157,0.018178443857482005,0.009551275267223991,0.0844732459077515,0.445859872611465,0.2929936305732484,-0.06360556338942494,0.10998357295148142,0.4087127398938344,-0.17248175340567007,val,5,A_positive,True
187,0.015602548608162231,0.008918094344050775,0.09649764419769052,0.42245989304812837,0.24064171122994651,-0.0680565678691218,0.111756856890058,0.4416,-0.315983606557377,val,5,A_negative,True
344,0.016778175219043637,0.009105407523083642,0.09108567699075155,0.4331395348837209,0.26453488372093026,-0.0661275922340296,0.11221668522152627,0.4416,-0.315983606557377,val,5,A_all,True
3069,0.006141402189720812,-0.0012613932291666297,0.09309572187539666,0.5089605734767025,0.20853698273053112,-0.08983673862782827,0.10886585223915325,0.6445607911576496,-0.27970165157165694,val,5,B_quiet,True
157,0.041564098985172396,0.012532411408815891,0.18883929535649044,0.42038216560509556,0.40764331210191085,-0.15542430924246964,0.24307732813833938,0.9989026133115559,-0.3388741271704876,val,20,A_positive,True
187,0.04986390705659337,0.027111751249682348,0.19136769945786597,0.4385026737967914,0.4117647058823529,-0.12223789523462386,0.24468933360628037,0.9557142857142857,-0.34918032786885234,val,20,A_negative,True
344,0.046075913256555315,0.018878875471016854,0.18998618743928558,0.43023255813953487,0.40988372093023256,-0.140795437600649,0.24660420486520673,0.9989026133115559,-0.34918032786885234,val,20,A_all,True
3069,0.021797439539465717,-0.0023847376788552754,0.20968276498934754,0.5096122515477354,0.33235581622678395,-0.17336260548773097,0.21577359238512356,2.520766773162939,-0.5138935386675594,val,20,B_quiet,True
157,0.21838712969299345,0.10695829828145675,0.44665385516064565,0.3503184713375796,0.5668789808917197,-0.21166387014487165,0.834787743293299,1.9946354363430299,-0.5327426810477658,val,60,A_positive,True
187,0.20856764900767544,0.10164765525982267,0.49308164209622524,0.35294117647058826,0.5775401069518716,-0.21332234266579647,0.7431602953530183,3.2049794084612504,-0.43467346856148026,val,60,A_negative,True
344,0.21304921432045143,0.10430297677063971,0.47180648199603625,0.35174418604651164,0.5726744186046512,-0.21219018219553237,0.7968219221305468,3.2049794084612504,-0.5327426810477658,val,60,A_all,True
3069,0.19058469281401844,0.06005841548010227,0.4993151065329858,0.38742261322906485,0.5144998370804822,-0.26076959398363997,0.8162973621044938,3.9680948040109385,-0.5976482617586911,val,60,B_quiet,True
620,0.014453233266419872,0.011534519016169753,0.09365575387114151,0.4338709677419355,0.28225806451612906,-0.09047249771742845,0.11495857498646926,0.46960486322188455,-0.4465956760245241,val,5,A_positive,False
573,0.006112953017899421,0.0030513176144244536,0.08857479354466141,0.47643979057591623,0.2198952879581152,-0.08333371487823098,0.09394529979310128,0.4416,-0.32708688245315165,val,5,A_negative,False
1193,0.010447381981925139,0.006462838677603999,0.09130776875819155,0.4543168482816429,0.25230511316010057,-0.0883179880857617,0.10713707937012788,0.46960486322188455,-0.4465956760245241,val,5,A_all,False
3069,0.006141402189720812,-0.0012613932291666297,0.09309572187539666,0.5089605734767025,0.20853698273053112,-0.08983673862782827,0.10886585223915325,0.6445607911576496,-0.27970165157165694,val,5,B_quiet,False
620,0.05075814320114552,0.02222183880224826,0.211103952411536,0.4258064516129032,0.4338709677419355,-0.15738826090244365,0.27215266410993433,1.0206422018348622,-0.5842735042735043,val,20,A_positive,False
573,0.03323988253261434,0.005039554644008071,0.1843056470944844,0.4816753926701571,0.3368237347294939,-0.13682700569441944,0.21234201850785467,1.0288672108301813,-0.34918032786885234,val,20,A_negative,False
1193,0.042344091765212276,0.01437378432730041,0.19879475473451128,0.4526404023470243,0.38725901089689857,-0.1497787747338261,0.24521612406426796,1.0288672108301813,-0.5842735042735043,val,20,A_all,False
3069,0.021797439539465717,-0.0023847376788552754,0.20968276498934754,0.5096122515477354,0.33235581622678395,-0.17336260548773097,0.21577359238512356,2.520766773162939,-0.5138935386675594,val,20,B_quiet,False
620,0.22569019469128143,0.11767567520344191,0.44009896801118137,0.31290322580645163,0.6096774193548387,-0.19449187940528237,0.8388631095172369,2.3915326902465166,-0.5674767321613237,val,60,A_positive,False
573,0.19602759183474924,0.08196530445919215,0.5161521754822299,0.39092495636998253,0.5392670157068062,-0.25217208038871675,0.7164644155709848,4.56107746920025,-0.5577646426652338,val,60,A_negative,False
1193,0.21144319432515155,0.10801393728222997,0.4781664196783598,0.3503772003352892,0.575859178541492,-0.2246598017059389,0.7754276442968255,4.56107746920025,-0.5674767321613237,val,60,A_all,False
3069,0.19058469281401844,0.06005841548010227,0.4993151065329858,0.38742261322906485,0.5144998370804822,-0.26076959398363997,0.8162973621044938,3.9680948040109385,-0.5976482617586911,val,60,B_quiet,False
