day,commit,commit_time,n_assets
2026-05-01,ce8515654de2140e99695c2755d93b25ee5e2aa9,2026-05-01 16:16:18+00:00,610
2026-05-02,362a0acdbccb78796b70abc61bec2380424efda8,2026-05-02 15:30:44+00:00,612
2026-05-03,e5490249982d36f60f4a231c19b1ade6181ac128,2026-05-03 15:30:42+00:00,612
2026-05-04,276f2c8e1f49311763482b9b0891116c4732ebdc,2026-05-04 15:30:48+00:00,613
2026-05-05,efd31813ac8b372d4048b6a12bd4995f36494ce8,2026-05-05 15:31:03+00:00,614
2026-05-06,322bde59a58355eb2efff7899ccce643891f27d1,2026-05-06 15:39:13+00:00,714
2026-05-07,8028d7b78bfa5e5837364b3aa2227179c98bad4d,2026-05-07 15:37:59+00:00,724
2026-05-08,7219756d00f5873058721a065e5011434e81c6c4,2026-05-08 15:37:55+00:00,734
2026-05-09,d77fc3f48decb8b1e85c6530e36df7900f74b3e0,2026-05-09 15:37:40+00:00,735
2026-05-11,0757e4a777e7282e998b87c872c775a90771f39d,2026-05-11 23:16:42+00:00,736
2026-05-17,37951a7b59914429a9d504f23eb91d7703278a96,2026-05-17 15:33:07+00:00,743
2026-05-18,c74f4c6fd92cf1970f0edbadc75178e681630d8b,2026-05-18 15:38:10+00:00,744
2026-05-19,b5847edb2aae7dfa5b31fb5ea7821df334166b64,2026-05-19 15:38:20+00:00,744
2026-05-20,77bd211a00749bf3d2d753b59718affc9d000649,2026-05-20 15:38:17+00:00,745
2026-05-21,456b965340a44d799e3ed84c9f36d04efeba9d60,2026-05-21 15:38:28+00:00,747
2026-05-22,bc68be0c002feea20bcba95d39fa34ee143ce49c,2026-05-22 15:38:17+00:00,748
2026-05-23,80ef820e3b3a3df38c547a9883695484c2a895fe,2026-05-23 15:37:53+00:00,758
2026-05-24,570a5c13c0c95aafa33284047cd3e6585570971d,2026-05-24 15:38:19+00:00,758
2026-05-25,e79b15087e2a73d8c2f10a1730f6887081a7075d,2026-05-25 15:38:21+00:00,767
2026-05-26,abb128d13006742a2184113c3b6cf2f947a4bb1e,2026-05-26 15:38:00+00:00,780
2026-05-27,c652fe4c7694b97269b3e5152c9f406affd950dc,2026-05-27 15:38:12+00:00,780
2026-05-28,00a977f5b3cc7472cd37688869bfe9010ee5f1b9,2026-05-28 15:38:29+00:00,781
2026-05-29,1553ef09ceff75c5746cbacb7549aebea9e276ab,2026-05-29 15:38:12+00:00,782
2026-05-30,901a0c8889a9645868afcdd847de26a9475bc670,2026-05-30 15:38:25+00:00,785
2026-05-31,e8afb339d933f88b7bb88e6a32a0c4c87e67160e,2026-05-31 15:38:01+00:00,785
2026-06-01,3b6839c4af006e02cbae07f02e5392fc6e265343,2026-06-01 15:38:17+00:00,786
2026-06-02,107625bd73deb76d437f57fc85870bcaf5170728,2026-06-02 15:38:17+00:00,786
2026-06-03,f726d4abce1c1381a32377c7dfcacbb4439a20bf,2026-06-03 15:38:14+00:00,787
2026-06-04,cc9e93a5217cd2f6a51bb79a8fe6be47e71e83d1,2026-06-04 15:38:22+00:00,793
2026-06-05,5aee814b9d14cc6fda77bf03f9db6319fb7b6c0a,2026-06-05 15:38:23+00:00,793
2026-06-06,b5b9bbba2dd07e99df3fd824270512949e2f9d82,2026-06-06 15:38:05+00:00,884
2026-06-07,89cb650be0a02ac865ece2ce35cbbdb359cdd404,2026-06-07 15:38:10+00:00,885
2026-06-08,10d509f4365d5f01f4f93a6ad181874e79ed344d,2026-06-08 15:38:20+00:00,886
2026-06-09,79a65ccf50dd567c494e03692de4d638d229e685,2026-06-09 15:38:41+00:00,916
2026-06-10,ce0691e39d8e0ff8a6c048abe3a02d2a650e4714,2026-06-10 15:38:24+00:00,917
2026-06-11,b055e4197b260172577ac5273414cc1c02a64ba9,2026-06-11 15:38:29+00:00,925
2026-06-12,a7d700bf690f572943c15092f30c313f7d046320,2026-06-12 15:38:31+00:00,1012
2026-06-13,185075f8cda150bb65b1f719447469cfbe8ecfe0,2026-06-13 15:38:19+00:00,1013
2026-06-14,ede7241e5f952961982eceec42ed7e6a5982a46e,2026-06-14 15:38:15+00:00,1014
2026-06-15,170972e329ce8ca299de8086a8bf9ee464246349,2026-06-15 15:38:31+00:00,1059
2026-06-16,b4c1298ed8abb23d99c18cb758160b85007ee83c,2026-06-16 15:38:43+00:00,1059
2026-06-19,693426949a5b1134e2591b84e07859b3725abee4,2026-06-19 16:23:24+00:00,1060
2026-06-20,976cc6809f44bb6e178cc20471cb4a9f8852e37f,2026-06-20 15:38:12+00:00,1074
2026-06-21,fa5a591d2d2a5f05aef636f0d8605999ae1fab3c,2026-06-21 15:38:14+00:00,1075
2026-06-22,ac88acd5f5be852254f4f1edcb954513eea88783,2026-06-22 15:38:22+00:00,1098
2026-06-23,a7635a044d83f753641ca41762deec05846db989,2026-06-23 15:38:31+00:00,1147
2026-06-24,dca151a000ffeb57ddb8f1ac85f363b714bd1fcc,2026-06-24 15:38:25+00:00,1147
2026-06-25,5e48e81948d9365d558cc28f9e117f02935c5777,2026-06-25 15:38:23+00:00,1148
2026-06-26,c6c428664429d9d531e13cdfb3d5b683357b3873,2026-06-26 15:38:25+00:00,1148
2026-06-27,c457f0c3e4ec71215b91881561cf6257f9d78743,2026-06-27 15:38:15+00:00,1149
2026-06-28,fb123b9783607d6191ea0c4a825d043adaa97dbd,2026-06-28 15:38:20+00:00,1149
2026-06-29,cba613acb3adf3339b13f90b87b14c6a4d31dfce,2026-06-29 15:38:39+00:00,1150
2026-06-30,912d492ed8412646cfb4dfed373ba22966081f87,2026-06-30 15:38:36+00:00,1150
2026-07-01,f42db0053d24ebf65fe714f74698cf84d7af861a,2026-07-01 15:38:26+00:00,1150
2026-07-02,06aa4a3849b721785b98fbe4c72d2ab1f5029380,2026-07-02 15:38:36+00:00,1151
2026-07-03,8f85158be34883684b9095f4f2770174067847b1,2026-07-03 15:33:26+00:00,1153
2026-07-04,11addaa52f969c6eb6d0e4c85dc0cef1fca1ee1e,2026-07-04 15:38:25+00:00,1153
2026-07-05,d674da3dd721dc79c4739404edc96a2b7e28dac2,2026-07-05 15:38:24+00:00,1153
2026-07-06,1fab3f9d1491a8fcaf588f20f038cc11e4dfda23,2026-07-06 15:38:27+00:00,1153
2026-07-07,21e381f277942b61ecf2cb2d407c2f096df92bf4,2026-07-07 15:38:27+00:00,1154
2026-07-08,4d666d7b5987ef86b3549417334a64b083d6bf39,2026-07-08 15:38:39+00:00,1155
2026-07-09,77d3161af478357f83b3a260dec08998f260ff41,2026-07-09 15:38:27+00:00,1156
2026-07-10,de773c1ee2406012d74f63d65f7f4fe71f5abbc5,2026-07-10 15:38:41+00:00,1157
2026-07-11,531efb08d0a5aa4cef1070a9b2a82ba566f92b46,2026-07-11 15:38:39+00:00,1158
2026-07-12,7249a93b9d0f305d41a402fc6b77fa2da07b80fd,2026-07-12 15:32:12+00:00,1158
2026-07-13,69de0776562f0fa15d1878f500c9c8f34ffae97e,2026-07-13 15:38:33+00:00,1159
2026-07-14,6da26c647c243bd2280e9f416cb856db48f8d101,2026-07-14 15:38:35+00:00,1159
2026-07-15,afb73fd69c7a64bba7bdb7965d8f0c23f47c3694,2026-07-15 15:38:25+00:00,1163
2026-07-16,38a218fdd252d0635f9df1ba20bb023baf5f9b0a,2026-07-16 15:38:33+00:00,1163
2026-07-17,084a46ab7139c0a78fe9527f38a547c087586a6b,2026-07-17 15:38:37+00:00,1166
2026-07-18,6410a780aeb49efa2aa8231511f97988baa016de,2026-07-18 15:38:28+00:00,1167
2026-07-19,fe148493f52dff0fe56623b235c013a5d0b6926d,2026-07-19 15:38:24+00:00,1167
2026-07-20,109b7240d0b082ee992d0c7eb19196c9a1dc910b,2026-07-20 15:38:34+00:00,1169
2026-07-21,7efb03cd93030e1b5b28a435f421d42a1e2efab4,2026-07-21 15:38:34+00:00,1170
2026-07-22,7d0cc859014b1443b4e91e0a59b67e5cfa81025d,2026-07-22 15:38:37+00:00,1172
2026-07-23,776e37d18c2705f9f717f81dc5d511a9057c05c2,2026-07-23 15:38:31+00:00,1173
2026-07-24,2592690713c140e5385b96f49f7d0110e2f5a6e4,2026-07-24 15:38:32+00:00,1174
2026-07-25,ac9d0e34fcb6ea1528ed3eb549bc019f0f71b3a9,2026-07-25 15:38:51+00:00,1175
2026-07-26,af91c2e0e87fa718a9a3230c34f8bd427ae0b417,2026-07-26 15:35:37+00:00,1176
2026-07-27,fb291006ebc360a06759c130a2ab972c5132a23e,2026-07-27 15:38:33+00:00,1177
2026-07-28,ab93b73c1cce70ff586a007a654faa86e0036843,2026-07-28 15:38:43+00:00,1177
2026-07-29,0258308ce57ab94bedbd6bdf14b0146eb685ddc9,2026-07-29 15:38:43+00:00,1181
2026-07-30,bfb99a7710c9372235cd73454cf5eb4dcd8bebf9,2026-07-30 15:38:46+00:00,1182
2026-07-31,15bf8155257726bf69c41389e1f52d9e7b4e8352,2026-07-31 15:38:43+00:00,1183
2026-08-01,8c219005444fe966eb62d8e77ab6c354d99ce853,2026-08-01 15:38:47+00:00,1185
2026-08-02,5937db536feec45a3714f73af6699143f8d53c48,2026-08-02 15:38:36+00:00,1185
2026-08-03,eb1e65481b6f121a7d8fb6f855e73e154c10ebc8,2026-08-03 15:38:52+00:00,1188
2026-08-04,0f8e1bcd2240f2d6db78cc4db1a5c41119ad1ed9,2026-08-04 15:38:55+00:00,1190
2026-08-05,73b4da860cb11ef313cd0ab53e42f36610948e46,2026-08-05 15:38:51+00:00,1191
2026-08-06,3fd34abcbcba31df241505a4c4f60a300a8f0da4,2026-08-06 19:23:46+00:00,1194
2026-08-07,612f805558e60010b86bca97249b4d7a0002e471,2026-08-07 15:38:42+00:00,1195
2026-08-08,302c478f9d3a21c7b34d2ae9cbca55e517540c99,2026-08-08 15:38:39+00:00,1197
2026-08-09,5ad056070f9e990ed4730fa91272b014fd4eb2a8,2026-08-09 15:38:42+00:00,1198
2026-08-10,b8539c7986c9d2f38c2a95e70edbc4b54f30a436,2026-08-10 15:38:45+00:00,1198
2026-08-11,c1591cb7e811c5fb7a4e8cfc707c443902f30479,2026-08-11 15:39:01+00:00,1199
2026-08-12,a6448a6fa4cdffe4f8f138708507a2755ba16a01,2026-08-12 15:38:49+00:00,1200
2026-08-13,e7dc0e0f264d96f617a6465062ddb1185840f2c3,2026-08-13 15:38:43+00:00,1201
2026-08-14,7d623f9ef22c9b4a0709d90c139cf5080503c97e,2026-08-14 15:38:51+00:00,1206
2026-08-15,dc649e5d217a6548b7a898ed10983216941504fb,2026-08-15 15:35:27+00:00,1206
2026-08-16,811984be00e316240627ff198c4748233a93f5ca,2026-08-16 15:38:42+00:00,1206
2026-08-17,2efa906bdccc353075c4b8d552cd0cf067fa9b84,2026-08-17 15:38:48+00:00,1207
2026-08-18,1e24a5941d6326632eb177180ec32e9555686a6e,2026-08-18 15:38:42+00:00,1210
2026-08-19,0bed924ab09f176a5f80342030df337974b40797,2026-08-19 15:38:49+00:00,1214
2026-08-20,034c600d890f3db35c533be0f6083258b4490da0,2026-08-20 15:32:19+00:00,1214
2026-08-21,9489a33a7dd358bc7418d0434cccf7726cc88224,2026-08-21 15:38:54+00:00,1215
2026-08-22,12d141c65e22903aeb0fb1e08d68ff99ca61eaa2,2026-08-22 15:35:54+00:00,1216
2026-08-23,8ec471f17721628469f0a9b828c6325de565035f,2026-08-23 15:38:55+00:00,1217
2026-08-24,b1734d76058aa6f46f43212b057fee68dbbd857f,2026-08-24 15:38:50+00:00,1217
2026-08-25,5f75ac2b939a947a5d44ac2e5a46f763016d0ab1,2026-08-25 15:38:57+00:00,1219
2026-08-26,1d5d2baeffac32fbe44c588b7266b79949e1b410,2026-08-26 15:54:27+00:00,1221
2026-08-27,663bab80c85187fef19768e1d2dd2cc6b1519a0e,2026-08-27 15:39:09+00:00,1222
2026-08-28,db873e11c4cb3d34596d239d0902a54fccdbb0b0,2026-08-28 15:38:51+00:00,1223
2026-08-29,0098680a7bde58ce692f04660e0e043fe3a1dc2b,2026-08-29 15:38:53+00:00,1223
2026-08-30,7a1b7e4d0015c566bff9bba4086b9b184bc0220a,2026-08-30 15:38:53+00:00,1224
2026-08-31,a9ec3f3e0a40cdb9f554671327475d2f2c5a56be,2026-08-31 15:39:09+00:00,1226
2026-09-01,86737f727b924477e740c3f297228633b1d99a9a,2026-09-01 15:39:15+00:00,1227
2026-09-02,044d96ec7c60bffdba00916fe38906f10ce182d1,2026-09-02 15:39:00+00:00,1229
2026-09-03,be66c5c8690f5dfbf81c1c39ee979d22ad086e23,2026-09-03 15:39:02+00:00,1229
2026-09-04,03e384a198a7d24f6e8371072fa2c7ae911efa17,2026-09-04 15:38:44+00:00,1230
2026-09-05,154cf9c7f4cfaac8a722c083d543dbe18e627b13,2026-09-05 15:38:59+00:00,1232
2026-09-06,59d89ec7cf5cec4734d78fb23b6d1ae4240ea1da,2026-09-06 15:38:45+00:00,1232
2026-09-07,beab1835b13aea3aab24c1fe1fa254de975f58f2,2026-09-07 15:38:53+00:00,1234
2026-09-08,60e12b2b21f1f162204b80ee53d81173b0ea5618,2026-09-08 15:38:53+00:00,1235
2026-09-09,accf10b7d15b53fccd344b4b955403780b822708,2026-09-09 15:38:45+00:00,1238
2026-09-10,e6b59a203981949940319c76166f4d963b9ea309,2026-09-10 15:38:55+00:00,1238
2026-09-11,14f7082a482073ec8037cf7816b810170a49af0a,2026-09-11 15:38:52+00:00,1239
2026-09-12,fe83832890d0dafa2a3d403645ef5ea1e3c28ead,2026-09-12 15:38:51+00:00,1281
2026-09-13,3a2fe603c1052305bb97a9d31470abc5cd605e7b,2026-09-13 15:38:52+00:00,1282
2026-09-14,2befb460533944c88dd4908d56319ddd14966d5e,2026-09-14 15:38:58+00:00,1338
2026-09-15,c70f3ff4fed52c8517118b38c056a27216e7c9bb,2026-09-15 15:38:58+00:00,1356
2026-09-16,ed1d2a7546476475a7dd829372fd80f121e40126,2026-09-16 15:39:04+00:00,1365
2026-09-17,19d77c10f6806dd1b1c7bd64d4d6e8e5f082888a,2026-09-17 15:38:41+00:00,1367
2026-09-18,d3cc49088cd08d667d055d172fcf140e20499cee,2026-09-18 15:38:59+00:00,1378
2026-09-19,d3c8dd694bd11b7a323a2d9aebb26c7820d7e97c,2026-09-19 15:38:42+00:00,1391
2026-09-20,a54b5b6453e5573f5aac978182f729db43c08a0f,2026-09-20 15:38:56+00:00,1391
2026-09-21,80b2ef547686c7c615ae5650c96cd176a19adb6d,2026-09-21 15:38:55+00:00,1392
2026-09-22,4f41d62dc17b0e31d424aa0bfe5a0082814c16f4,2026-09-22 15:38:57+00:00,1392
2026-09-23,120739aaedb35f9dc5e3e504cbd21eaf22b39f18,2026-09-23 15:38:54+00:00,1394
2026-09-24,c9c89c28c871bb6be07156908bbcf38da9862a42,2026-09-24 15:39:05+00:00,1394
