universe,family,config,regime,seconds,n_rejections,dev_n,dev_days,dev_net,dev_exp,dev_pf,dev_win,val_n,val_days,val_net,val_exp,val_exp_r,val_pf,val_win,val_ci95,val_p_le0,val_ex_best_trade,val_ex_best_day,val_windows_pos,val_windows_n,val_windows_with_trades,val_net_long,val_net_short,val_n_long,val_n_short,val_cost_share,val_maxdd,val_hold_min,devval_final_equity,devval_shadow_equity,devval_paused,devval_paused_at,devval_exposure,devval_acct_maxdd,trades_file,val_by_sym_net,val_syms_positive,is_base
stocks,F1,"F1:ma_trend(atr_mult=2.0, fast=10, filter=False, slow=40, tf=15m)",base,4.4,3.0,56,40.0,-9.630495365718478,-0.1719731315306871,0.7295064476498627,0.5,28,25.0,-2.1941491454168456,-0.078362469479173,-0.078362469479173,0.7729465110579768,0.5714285714285714,"[-0.33615732281876853, 0.19300798183934742]",0.707,-3.612244767093703,-3.612244767093703,2,3,3.0,-1.143125332916236,-1.0510238125006095,14.0,14.0,0.1783898797503621,5.627441628948691,294.9430443827381,87.88247648965799,87.88879367842763,True,2026-07-17 14:09:43.481831+00:00,0.1393233159562506,12.11752351034201,F1_ma_trend_39834940_base.parquet,"{'xyz:GOOGL': -0.06, 'xyz:META': 0.52, 'xyz:MU': 1.43, 'xyz:NVDA': -2.5, 'xyz:SNDK': -1.59}",2.0,
stocks,F1,"F1:ma_trend(atr_mult=2.0, fast=10, filter=True, slow=40, tf=15m)",base,4.6,0.0,0,,0.0,,,,0,,0.0,,,,,,,,,0,3,0.0,,,,,,,,,,,,,,,,,
stocks,F1,"F1:ma_trend(atr_mult=2.0, fast=20, filter=False, slow=80, tf=15m)",base,4.0,1.0,41,32.0,2.744471984154972,0.0669383410769505,1.1450750051195049,0.4146341463414634,25,23.0,1.975760837828666,0.0790304335131466,0.0790304335131466,1.241536586708777,0.64,"[-0.2428367555089937, 0.4203407564556283]",0.322,0.0720951220569616,0.0720951220569616,2,3,3.0,-2.868410423537557,4.844171261366223,11.0,14.0,0.1302788639338563,2.7838444377252047,277.0676294113333,104.5431664258943,104.5431664258943,False,,0.1072268220382295,7.802560194145229,F1_ma_trend_35237887_base.parquet,"{'xyz:GOOGL': 0.11, 'xyz:META': -0.25, 'xyz:MU': -0.52, 'xyz:NVDA': 1.85, 'xyz:SNDK': 0.78}",3.0,
stocks,F1,"F1:ma_trend(atr_mult=2.0, fast=20, filter=True, slow=80, tf=15m)",base,4.4,0.0,0,,0.0,,,,0,,0.0,,,,,,,,,0,3,0.0,,,,,,,,,,,,,,,,,
stocks,F2,"F2:bb_mr(k=2.0, max_bars=8, n=20, regime=False, tf=15m)",base,5.1,23.0,94,42.0,-22.843071676571306,-0.2430114008145883,0.5287124742271851,0.3936170212765957,58,27.0,-15.431321721609114,-0.2660572710622261,-0.2660572710622261,0.3727863304704643,0.293103448275862,"[-0.42670867710459554, -0.12179969514220342]",1.0,-16.693136088293876,-16.041221582462093,0,3,3.0,-4.514242571759503,-10.91707914984961,29.0,29.0,0.3434582093660005,16.064624486534818,73.95725181810344,89.1655639411883,61.72560660181964,True,2026-06-09 15:37:37.120195+00:00,0.0815700705305121,10.964115642252551,F2_bb_mr_28727861_base.parquet,"{'xyz:GOOGL': -3.7, 'xyz:META': -3.5, 'xyz:MU': -5.12, 'xyz:NVDA': -0.64, 'xyz:SNDK': -2.47}",0.0,
stocks,F2,"F2:bb_mr(k=2.0, max_bars=8, n=20, regime=True, tf=15m)",base,4.9,13.0,47,32.0,-12.903259530996646,-0.2745374368297159,0.4116492330062207,0.3617021276595745,32,22.0,-10.61424641357863,-0.3316952004243322,-0.3316952004243322,0.2352027980684888,0.34375,"[-0.5263059637108367, -0.15854041597286034]",1.0,-11.353799244114525,-11.159854541756904,0,3,3.0,-4.197387691605569,-6.416858721973061,18.0,14.0,0.5962268953426685,10.66139443409877,54.421387469270826,89.3868610590833,76.48249405542467,True,2026-07-16 15:52:41.006023+00:00,0.0366963099253807,10.6131389409167,F2_bb_mr_70897870_base.parquet,"{'xyz:GOOGL': -2.99, 'xyz:META': -2.88, 'xyz:MU': -3.25, 'xyz:NVDA': -0.34, 'xyz:SNDK': -1.15}",0.0,
stocks,F2,"F2:bb_mr(k=2.5, max_bars=8, n=20, regime=False, tf=15m)",base,4.7,27.0,65,42.0,-2.4485336622574563,-0.0376697486501147,0.9240723742338,0.4615384615384615,37,27.0,-4.677451929597535,-0.1264176197188523,-0.1264176197188523,0.7521266308528317,0.4324324324324324,"[-0.48581446182948096, 0.2130541499801974]",0.769,-7.434972017556927,-7.22637327387161,1,3,3.0,4.495474657534314,-9.172926587131847,17.0,20.0,0.1517946660794438,8.40653867107533,80.22733180630632,89.8640608302421,92.87401440814506,True,2026-06-29 14:37:30.528812+00:00,0.0593887355616886,10.135939169757904,F2_bb_mr_87018847_base.parquet,"{'xyz:GOOGL': -2.22, 'xyz:META': 0.4, 'xyz:MU': -2.09, 'xyz:NVDA': 1.44, 'xyz:SNDK': -2.2}",2.0,
stocks,F2,"F2:bb_mr(k=2.5, max_bars=8, n=20, regime=True, tf=15m)",base,4.7,7.0,38,30.0,-9.560764193953013,-0.2515990577356056,0.4844403606710569,0.3684210526315789,23,20.0,-10.874007940768411,-0.4727829539464526,-0.4727829539464526,0.1850141478133611,0.3478260869565217,"[-0.8334681200272213, -0.1798515489549698]",1.0,-11.63199837649772,-11.63199837649772,0,3,3.0,-2.688508590021716,-8.185499350746694,12.0,11.0,0.5352455940356025,10.921155961288552,60.75799031376811,89.2906731556465,79.56522786527857,True,2026-07-10 15:22:30.113825+00:00,0.0309720944495553,10.709326844353498,F2_bb_mr_21772563_base.parquet,"{'xyz:GOOGL': -1.81, 'xyz:META': -1.59, 'xyz:MU': -1.74, 'xyz:NVDA': -1.43, 'xyz:SNDK': -4.3}",0.0,
stocks,F3,"F3:vol_comp_bo(pct=0.1, tf=15m, trail_atr=2.0)",base,5.2,5.0,11,11.0,3.463830603912979,0.3148936912648162,2.2736588825080486,0.7272727272727273,6,6.0,-1.109898506984898,-0.184983084497483,-0.184983084497483,0.4345127793914872,0.5,"[-0.7350299920437704, 0.2850784826456097]",0.747,-1.8546187313944644,-1.8546187313944644,0,3,2.0,0.2008788393729722,-1.3107773463578705,3.0,3.0,0.2735444106191936,1.918137954499784,175.16690594166667,102.35393209692808,102.35393209692808,False,,0.0258611877747112,1.918137954499784,F3_vol_comp_bo_9724871_base.parquet,"{'xyz:GOOGL': -0.6, 'xyz:MU': 0.01, 'xyz:NVDA': -0.57, 'xyz:SNDK': 0.05}",2.0,
stocks,F3,"F3:vol_comp_bo(pct=0.2, tf=15m, trail_atr=2.0)",base,5.1,6.0,21,20.0,-3.673406696297992,-0.1749241283951424,0.6093390242306267,0.5238095238095238,9,9.0,-1.4015869547207749,-0.1557318838578638,-0.1557318838578638,0.4413573744680541,0.4444444444444444,"[-0.5283214389389879, 0.16121352074343848]",0.796,-2.146307179130341,-2.146307179130341,0,3,2.0,-0.0600690785497964,-1.341517876170978,4.0,5.0,0.3762966896392776,1.918137954499784,178.4771929425926,94.92500634898124,94.92500634898124,False,,0.0415005621997342,5.591544650797786,F3_vol_comp_bo_82217119_base.parquet,"{'xyz:GOOGL': -0.43, 'xyz:MU': -0.04, 'xyz:NVDA': -0.57, 'xyz:SNDK': -0.35}",0.0,
stocks,F1,"F1:ma_trend(atr_mult=2.0, fast=10, filter=False, slow=40, tf=1h)",base,4.5,3.0,24,24.0,1.1930858987568755,0.0497119124482031,1.2387137502937433,0.4166666666666667,18,18.0,1.1463859575313091,0.0636881087517394,0.0636881087517394,1.5825675035989852,0.3888888888888889,"[-0.10449994198175709, 0.2712351173474977]",0.268,-0.2908863972396147,-0.2908863972396147,3,3,3.0,-0.1101475909298092,1.2565335484611189,11.0,7.0,0.1276527673552336,0.6856870707012181,250.3435572101852,102.33947185628814,102.33947185628814,False,,0.0664417867729735,2.781376447881229,F1_ma_trend_62455420_base.parquet,"{'xyz:GOOGL': 1.19, 'xyz:META': -0.33, 'xyz:MU': 0.1, 'xyz:NVDA': -0.14, 'xyz:SNDK': 0.33}",3.0,
stocks,F1,"F1:ma_trend(atr_mult=2.0, fast=10, filter=True, slow=40, tf=1h)",base,4.5,0.0,0,,0.0,,,,0,,0.0,,,,,,,,,0,3,0.0,,,,,,,,,,,,,,,,,
stocks,F1,"F1:ma_trend(atr_mult=2.0, fast=20, filter=False, slow=80, tf=1h)",base,4.5,3.0,19,19.0,1.3383053986943527,0.0704371262470712,1.5091721631096144,0.4736842105263157,8,8.0,-0.5462112170123481,-0.0682764021265435,-0.0682764021265435,0.1705952294715612,0.5,"[-0.1777147670285337, 0.015775650619973644]",0.908,-0.6028106228943678,-0.6028106228943678,0,3,3.0,-0.0088368284362237,-0.5373743885761242,2.0,6.0,1.4141026624632171,0.5471268143121629,202.1096363083333,100.79209418168205,100.79209418168205,False,,0.0371051824593682,1.723165273602163,F1_ma_trend_98178410_base.parquet,"{'xyz:GOOGL': -0.22, 'xyz:META': 0.05, 'xyz:MU': -0.38, 'xyz:SNDK': 0.0}",2.0,
stocks,F1,"F1:ma_trend(atr_mult=2.0, fast=20, filter=True, slow=80, tf=1h)",base,4.5,0.0,0,,0.0,,,,0,,0.0,,,,,,,,,0,3,0.0,,,,,,,,,,,,,,,,,
stocks,F2,"F2:bb_mr(k=2.0, max_bars=8, n=20, regime=False, tf=1h)",base,4.7,0.0,48,39.0,0.3155612856498455,0.0065741934510384,1.0303418110206994,0.5833333333333334,34,26.0,-0.7402072862539153,-0.0217708025368798,-0.0217708025368798,0.860538165479767,0.5588235294117647,"[-0.16775123967578168, 0.10521557223173321]",0.642,-1.8714505302873687,-1.8714505302873687,2,3,3.0,-0.593993576162824,-0.1462137100910913,14.0,20.0,0.2490489896503727,2.381079087778004,158.8921207348039,99.616913009589,99.616913009589,False,,0.0832055606664622,3.9800895769345033,F2_bb_mr_85647168_base.parquet,"{'xyz:GOOGL': 0.31, 'xyz:META': -0.52, 'xyz:MU': 0.49, 'xyz:NVDA': -3.05, 'xyz:SNDK': 2.03}",3.0,
stocks,F2,"F2:bb_mr(k=2.0, max_bars=8, n=20, regime=True, tf=1h)",base,5.0,0.0,42,34.0,-2.8532883907099733,-0.0679354378740469,0.7326878756233062,0.5238095238095238,23,17.0,0.3286896260086114,0.0142908533047222,0.0142908533047222,1.1255802347847512,0.5217391304347826,"[-0.10051426369276553, 0.11640376281073163]",0.382,-0.3515873163152174,-0.1613200288376275,2,3,3.0,0.8298210876350822,-0.5011314616264708,9.0,14.0,0.2540959086977187,1.1740907802651648,138.47628756884058,97.51696024549172,97.51696024549172,False,,0.062557497700092,4.448397010915102,F2_bb_mr_33715970_base.parquet,"{'xyz:GOOGL': 0.72, 'xyz:META': 0.49, 'xyz:MU': 0.49, 'xyz:NVDA': -2.02, 'xyz:SNDK': 0.65}",4.0,
stocks,F2,"F2:bb_mr(k=2.5, max_bars=8, n=20, regime=False, tf=1h)",base,4.7,1.0,46,39.0,-4.783408796816922,-0.1039871477568896,0.728381701531322,0.5,28,24.0,-3.825324291845036,-0.1366187247087512,-0.1366187247087512,0.3771777283333918,0.3571428571428571,"[-0.2658659765305824, -0.00010799549412494112]",0.975,-4.775446091675362,-4.775446091675362,1,3,3.0,-2.660985186775543,-1.1643391050694936,14.0,14.0,0.3732344419522122,5.117820583254127,190.784864704762,92.2351297823195,90.90763952843363,True,2026-08-06 22:07:57.641529+00:00,0.0811611979965245,10.324707252871292,F2_bb_mr_34745707_base.parquet,"{'xyz:GOOGL': -0.91, 'xyz:META': -0.88, 'xyz:MU': 0.62, 'xyz:NVDA': -2.75, 'xyz:SNDK': 0.1}",2.0,
stocks,F2,"F2:bb_mr(k=2.5, max_bars=8, n=20, regime=True, tf=1h)",base,4.8,0.0,37,32.0,-11.08521654718513,-0.2996004472212197,0.3436960097124948,0.3243243243243243,22,18.0,-2.7767558261796155,-0.1262161739172552,-0.1262161739172552,0.3881703919979011,0.3181818181818182,"[-0.2622128002140838, 0.026641062675434722]",0.952,-3.7268776260099417,-3.7268776260099417,1,3,3.0,-1.4368282066908056,-1.33992761948881,9.0,13.0,0.3807467798263608,4.0692521175887055,172.80391207803032,88.95931185983906,85.65440024373092,True,2026-07-14 18:44:59.902255+00:00,0.0623530614330982,11.040688140160938,F2_bb_mr_20448718_base.parquet,"{'xyz:GOOGL': -0.22, 'xyz:META': 0.03, 'xyz:MU': 0.35, 'xyz:NVDA': -2.92, 'xyz:SNDK': -0.01}",2.0,
stocks,F3,"F3:vol_comp_bo(pct=0.1, tf=1h, trail_atr=2.0)",base,4.8,0.0,16,15.0,4.279089576154522,0.2674430985096576,2.6747991323763443,0.6875,13,12.0,1.318938590122301,0.1014568146247923,0.1014568146247923,1.4851321854138384,0.6153846153846154,"[-0.2782151840671714, 0.5740848130065365]",0.328,-0.713106686594474,-0.713106686594474,2,3,3.0,0.1927451612514858,1.126193428870815,2.0,11.0,0.1083066472596496,1.33387673703926,252.33317291410256,105.36720165040424,105.36720165040424,False,,0.0518245936829193,1.3338767370392477,F3_vol_comp_bo_69948422_base.parquet,"{'xyz:GOOGL': -0.5, 'xyz:META': -1.59, 'xyz:MU': 0.24, 'xyz:NVDA': 1.96, 'xyz:SNDK': 1.2}",3.0,
stocks,F3,"F3:vol_comp_bo(pct=0.2, tf=1h, trail_atr=2.0)",base,4.8,4.0,22,21.0,1.451750889731256,0.0659886768059661,1.3293331992008035,0.5454545454545454,13,12.0,-1.3186166735998448,-0.1014320518153726,-0.1014320518153726,0.5914607438810001,0.4615384615384615,"[-0.3647241710083706, 0.21474340872331757]",0.742,-2.521718213104173,-2.521718213104173,0,3,3.0,-0.3161724310317522,-1.0024442425680926,4.0,9.0,0.2129932352831055,1.756542113850157,261.5673076,99.90230770025882,99.90230770025882,False,,0.06163753449862,1.9639505719425607,F3_vol_comp_bo_15529191_base.parquet,"{'xyz:GOOGL': -0.59, 'xyz:META': -1.59, 'xyz:MU': 0.24, 'xyz:NVDA': -0.16, 'xyz:SNDK': 0.78}",2.0,
stocks,F5,"F5:trend_pullback(defn=A, max_bars=16, target_r=1.5)",base,4.9,6.0,83,42.0,-8.718337943041726,-0.1050402161812256,0.7705336041786984,0.4457831325301205,51,27.0,-11.008581789159033,-0.2158545448854712,-0.2158545448854712,0.5105434772364481,0.3529411764705882,"[-0.4097281801933137, 0.002316762045794071]",0.971,-13.413406864961662,-13.390881921850797,1,3,3.0,-9.20754850207184,-1.801033287087191,23.0,28.0,0.2211048888622602,13.825859279797218,163.32638278006536,94.46991677907688,80.71326276322556,True,2026-06-05 14:07:23.836538+00:00,0.1321680466114689,10.235207177365185,F5_trend_pullback_6362139_base.parquet,"{'xyz:GOOGL': 1.91, 'xyz:META': -6.37, 'xyz:MU': -4.44, 'xyz:NVDA': -1.79, 'xyz:SNDK': -0.33}",1.0,
stocks,F5,"F5:trend_pullback(defn=A, max_bars=16, target_r=2.0)",base,4.6,7.0,79,42.0,-7.116692071626658,-0.090084709767426,0.8129805271400276,0.4177215189873418,51,27.0,-11.248333112866591,-0.2205555512326783,-0.2205555512326783,0.5119887517468485,0.3529411764705882,"[-0.4105686858828648, -0.017551111969413984]",0.981,-13.722923743754135,-13.241462216183027,1,3,3.0,-9.506109392911018,-1.7422237199555777,23.0,28.0,0.2194525598988238,13.69876522904752,161.99902425163395,94.46137362636854,82.07515731093304,True,2026-06-05 14:07:23.836538+00:00,0.1337013186139221,10.447444491048955,F5_trend_pullback_65699219_base.parquet,"{'xyz:GOOGL': 1.45, 'xyz:META': -6.4, 'xyz:MU': -4.44, 'xyz:NVDA': -1.81, 'xyz:SNDK': -0.04}",1.0,
stocks,F5,"F5:trend_pullback(defn=B, max_bars=16, target_r=1.5)",base,4.5,2.0,72,42.0,-10.554745640350422,-0.1465936894493114,0.6871576298956698,0.4583333333333333,43,27.0,-11.564789458014744,-0.2689485920468545,-0.2689485920468545,0.4546773376468929,0.3720930232558139,"[-0.5237963635653998, 0.036100176698625086]",0.951,-13.969614533817373,-15.286593362082389,1,3,3.0,-5.278505306400827,-6.286284151613918,18.0,25.0,0.2383220420323366,14.201826950034992,176.22628249302326,92.03883345846504,78.3733929964792,True,2026-06-05 19:07:29.704523+00:00,0.1221506695287744,10.13707650931191,F5_trend_pullback_78731027_base.parquet,"{'xyz:GOOGL': -0.37, 'xyz:META': -5.64, 'xyz:MU': -0.3, 'xyz:NVDA': -5.82, 'xyz:SNDK': 0.56}",1.0,
stocks,F5,"F5:trend_pullback(defn=B, max_bars=16, target_r=2.0)",base,4.9,2.0,69,42.0,-9.78611039997914,-0.1418276869562194,0.7058402218387778,0.4202898550724637,43,27.0,-11.321730853791882,-0.263296066367253,-0.263296066367253,0.4679673409915764,0.3720930232558139,"[-0.5191614374369885, 0.04430217845686417]",0.947,-13.796321484679424,-15.13238696262944,1,3,3.0,-5.065480068065531,-6.256250785726349,18.0,25.0,0.2317493377255522,14.048678358008791,177.60118621821704,92.15983386991756,79.39011671959216,True,2026-06-05 19:07:29.704523+00:00,0.1228661964632525,10.18615519989352,F5_trend_pullback_9883134_base.parquet,"{'xyz:GOOGL': -0.38, 'xyz:META': -5.64, 'xyz:MU': -0.3, 'xyz:NVDA': -5.85, 'xyz:SNDK': 0.84}",1.0,
stocks,F6,"F6:orb(or_min=30, target_r=2.0)",base,3.8,14.0,72,41.0,-6.3923404678826765,-0.0887825064983705,0.8047463568668254,0.4444444444444444,34,26.0,-0.4586337253763716,-0.0134892272169521,-0.0134892272169521,0.9471618313920396,0.5,"[-0.2553248334710914, 0.23344748681552346]",0.519,-2.54322078909313,-2.812220544133502,1,3,3.0,-3.292307073309759,2.833673347933386,15.0,19.0,0.1324242179218314,5.381881462651923,246.77310480490195,91.44567837695756,92.94244834463667,True,2026-06-05 14:37:31.823945+00:00,0.1427987324951446,10.185397620530424,F6_orb_91048706_base.parquet,"{'xyz:GOOGL': 1.27, 'xyz:META': -0.69, 'xyz:MU': 0.29, 'xyz:NVDA': -0.07, 'xyz:SNDK': -1.27}",2.0,
stocks,F6,"F6:orb(or_min=30, target_r=None)",base,3.7,11.0,60,41.0,-11.087838234144636,-0.1847973039024106,0.6485966859741304,0.4166666666666667,29,26.0,-0.8873124256866922,-0.0305969801960928,-0.0305969801960928,0.8897061774843996,0.5172413793103449,"[-0.2874081466743544, 0.2709965576142416]",0.561,-3.5204986894092625,-3.5204986894092625,1,3,3.0,-4.027344433721618,3.1400320080349253,13.0,16.0,0.1205954352348228,5.381881462651923,291.90997541666667,91.50989522679602,87.81827187806442,True,2026-06-05 14:37:31.823945+00:00,0.1437186956966165,10.132630748630916,F6_orb_1320256_base.parquet,"{'xyz:GOOGL': -0.47, 'xyz:META': -0.69, 'xyz:MU': -0.35, 'xyz:NVDA': 0.99, 'xyz:SNDK': -0.37}",1.0,
stocks,F6,"F6:orb(or_min=60, target_r=2.0)",base,3.8,4.0,55,41.0,-0.048859532687368,-0.0008883551397703,0.9977936352854038,0.509090909090909,39,27.0,-8.606771369805404,-0.2206864453796257,-0.2206864453796257,0.4540557680143564,0.4102564102564102,"[-0.4069268414025545, -0.010578796988136888]",0.981,-10.124276206821373,-10.041389006971237,0,3,3.0,-3.624721680465104,-4.982049689340302,19.0,20.0,0.2517051533780349,8.606771369805404,193.16130884444445,92.05815508269112,91.0242665433814,True,2026-08-21 15:52:58.211161+00:00,0.1278748850045998,10.078088190974896,F6_orb_56923557_base.parquet,"{'xyz:GOOGL': 0.05, 'xyz:META': -0.57, 'xyz:MU': 0.34, 'xyz:NVDA': -0.32, 'xyz:SNDK': -8.11}",2.0,
stocks,F6,"F6:orb(or_min=60, target_r=None)",base,3.9,4.0,51,41.0,-0.6310712639840851,-0.0123739463526291,0.970427373338322,0.5098039215686274,36,27.0,-9.070050056818774,-0.2519458349116326,-0.2519458349116326,0.4168170984505902,0.4166666666666667,"[-0.4482890072199473, -0.029708119988152728]",0.985,-10.750743810234203,-10.750743810234203,0,3,3.0,-3.508954160503288,-5.561095896315488,17.0,19.0,0.26076063478067,9.070050056818776,210.92575702175924,92.09463408408284,89.97877612507133,True,2026-08-20 19:23:02.274955+00:00,0.1279771031380967,10.041609189583198,F6_orb_89930649_base.parquet,"{'xyz:GOOGL': 0.64, 'xyz:META': -1.72, 'xyz:MU': 0.49, 'xyz:NVDA': -1.0, 'xyz:SNDK': -7.48}",2.0,
stocks,B0,B0:baseline_session_long(),base,3.6,90.0,43,42.0,2.7447654285277503,0.0638317541518081,1.352886808280015,0.5116279069767442,26,26.0,-0.791739227738998,-0.0304515087591922,-0.0304515087591922,0.7842165615118487,0.3846153846153846,"[-0.16291965232219444, 0.0985571168359658]",0.694,-1.841647544164923,-1.841647544164923,0,3,3.0,-0.791739227738998,0.0,26.0,0.0,0.0881392827557718,1.6187516331033809,360.9113576557692,101.7820449023994,101.7820449023994,False,,0.1595625063886333,2.4181272722259166,B0_baseline_session_long_5922197_base.parquet,"{'xyz:MU': -1.11, 'xyz:NVDA': 1.32, 'xyz:SNDK': -1.01}",1.0,
stocks,F1,"F1:ma_trend(atr_mult=2.0, fast=10, filter=False, slow=40, tf=15m)",adverse,3.9,3.0,56,40.0,-11.253364655726582,-0.2009529402808318,0.6804732487345079,0.4642857142857143,28,25.0,-3.05685257509422,-0.109173306253365,-0.109173306253365,0.6907561183111574,0.5,"[-0.3622558763518693, 0.15705068631608596]",0.78,-4.414371578448391,-4.414371578448391,2,3,3.0,-1.7038859050239203,-1.3529666700702991,14.0,14.0,0.3243186878876316,5.889532052288977,294.9430443827381,89.48809329373965,85.39597569778911,True,2026-07-13 14:07:31.484529+00:00,0.1393233159562506,10.511906706260348,F1_ma_trend_39834940_adverse.parquet,"{'xyz:GOOGL': -0.59, 'xyz:META': 0.41, 'xyz:MU': 1.34, 'xyz:NVDA': -2.61, 'xyz:SNDK': -1.61}",2.0,
stocks,F1,"F1:ma_trend(atr_mult=2.0, fast=10, filter=True, slow=40, tf=15m)",adverse,4.1,0.0,0,,0.0,,,,0,,0.0,,,,,,,,,0,3,0.0,,,,,,,,,,,,,,,,,
stocks,F1,"F1:ma_trend(atr_mult=2.0, fast=20, filter=False, slow=80, tf=15m)",adverse,3.9,1.0,41,32.0,0.8856950239197947,0.0216023176565803,1.0466476257950523,0.4146341463414634,25,23.0,1.180524953270872,0.0472209981308348,0.0472209981308348,1.1442803206003884,0.64,"[-0.26472293772744404, 0.3754120040635273]",0.369,-0.6069018747930917,-0.6069018747930917,1,3,3.0,-3.1012727105437854,4.2817976638146575,11.0,14.0,0.2256487124227366,2.728693067933203,277.0676294113333,101.89160074883412,101.89160074883412,False,,0.1072268220382295,7.864270101196041,F1_ma_trend_35237887_adverse.parquet,"{'xyz:GOOGL': -0.15, 'xyz:META': -0.41, 'xyz:MU': -0.61, 'xyz:NVDA': 1.58, 'xyz:SNDK': 0.76}",2.0,
stocks,F1,"F1:ma_trend(atr_mult=2.0, fast=20, filter=True, slow=80, tf=15m)",adverse,4.2,0.0,0,,0.0,,,,0,,0.0,,,,,,,,,0,3,0.0,,,,,,,,,,,,,,,,,
stocks,F2,"F2:bb_mr(k=2.0, max_bars=8, n=20, regime=False, tf=15m)",adverse,4.9,23.0,94,42.0,-25.91446516469156,-0.2756857996243783,0.4726233410970276,0.3723404255319149,58,27.0,-16.892941630845414,-0.2912576143249209,-0.2912576143249209,0.3282360032235888,0.2586206896551724,"[-0.44587854200132615, -0.15054992912693632]",1.0,-18.144951751586817,-17.431359234515874,0,3,3.0,-5.24283827829627,-11.650103352549138,29.0,29.0,0.6330573345707707,17.44787679387123,73.95725181810344,89.88189051852018,57.19259320446295,True,2026-06-05 18:26:12.118882+00:00,0.0815700705305121,10.23144319002293,F2_bb_mr_28727861_adverse.parquet,"{'xyz:GOOGL': -4.07, 'xyz:META': -3.9, 'xyz:MU': -5.09, 'xyz:NVDA': -1.2, 'xyz:SNDK': -2.63}",0.0,
stocks,F2,"F2:bb_mr(k=2.0, max_bars=8, n=20, regime=True, tf=15m)",adverse,4.8,13.0,47,32.0,-14.320738512903873,-0.3046965641043376,0.3585605925502382,0.3404255319148936,32,22.0,-11.395054713169218,-0.356095459786538,-0.356095459786538,0.197813978176949,0.28125,"[-0.5446128193007074, -0.18820218525745655]",1.0,-12.065450906840931,-11.82409324419053,0,3,3.0,-4.681711208145096,-6.713343505024121,18.0,14.0,1.1635025018947511,11.395054713169218,54.421387469270826,89.69203123388137,74.28420677392687,True,2026-07-16 14:52:27.050338+00:00,0.0366963099253807,10.307968766118634,F2_bb_mr_70897870_adverse.parquet,"{'xyz:GOOGL': -3.12, 'xyz:META': -3.28, 'xyz:MU': -3.23, 'xyz:NVDA': -0.59, 'xyz:SNDK': -1.18}",0.0,
stocks,F2,"F2:bb_mr(k=2.5, max_bars=8, n=20, regime=False, tf=15m)",adverse,4.6,27.0,65,42.0,-5.12414474816256,-0.0788329961255778,0.8430386763768911,0.4615384615384615,37,27.0,-5.71335772305081,-0.1544150735959678,-0.1544150735959678,0.6954394331420771,0.3513513513513513,"[-0.4945727596604552, 0.17303396694373543]",0.822,-8.287338262378206,-8.091229034480003,1,3,3.0,3.802068005495722,-9.515425728546532,17.0,20.0,0.269570031851928,8.386735542693932,80.22733180630632,89.96927623749617,89.16249752878663,True,2026-06-26 14:22:26.888855+00:00,0.0593887355616886,10.030723762503824,F2_bb_mr_87018847_adverse.parquet,"{'xyz:GOOGL': -2.47, 'xyz:META': 0.04, 'xyz:MU': -2.1, 'xyz:NVDA': 1.12, 'xyz:SNDK': -2.3}",2.0,
stocks,F2,"F2:bb_mr(k=2.5, max_bars=8, n=20, regime=True, tf=15m)",adverse,4.8,7.0,38,30.0,-11.090689600939212,-0.291860252656295,0.4247312437682113,0.3684210526315789,23,20.0,-11.190703233618382,-0.4865523145051471,-0.4865523145051471,0.1615861873117693,0.2608695652173913,"[-0.8412810473737071, -0.200145058302768]",1.0,-11.880117759025463,-11.880117759025463,0,3,3.0,-2.9182863097438414,-8.272416923874546,12.0,11.0,1.0226505301582856,11.190703233618384,60.75799031376811,88.3299036205863,77.71860716544239,True,2026-07-10 15:22:30.113825+00:00,0.0309720944495553,11.670096379413708,F2_bb_mr_21772563_adverse.parquet,"{'xyz:GOOGL': -1.87, 'xyz:META': -1.72, 'xyz:MU': -1.72, 'xyz:NVDA': -1.68, 'xyz:SNDK': -4.2}",0.0,
stocks,F3,"F3:vol_comp_bo(pct=0.1, tf=15m, trail_atr=2.0)",adverse,5.4,5.0,11,11.0,3.27246540883772,0.2974968553488836,2.195359672510465,0.7272727272727273,6,6.0,-1.2386942161511374,-0.2064490360251895,-0.2064490360251895,0.3786535013832075,0.5,"[-0.7343950312932853, 0.242976934235115]",0.783,-1.8980092456630309,-1.8980092456630309,0,3,2.0,0.0947066609088846,-1.333400877060022,3.0,3.0,0.5332897592013627,1.9132359066681224,175.16690594166667,102.03377119268656,102.03377119268656,False,,0.0258611877747112,1.9132359066681204,F3_vol_comp_bo_9724871_adverse.parquet,"{'xyz:GOOGL': -0.62, 'xyz:MU': -0.03, 'xyz:NVDA': -0.64, 'xyz:SNDK': 0.04}",1.0,
stocks,F3,"F3:vol_comp_bo(pct=0.2, tf=15m, trail_atr=2.0)",adverse,5.2,6.0,21,20.0,-4.262815579513917,-0.2029912180720912,0.5609443668358847,0.4761904761904761,9,9.0,-1.695324295359354,-0.1883693661510393,-0.1883693661510393,0.3632441275384387,0.4444444444444444,"[-0.5450805864626123, 0.11552120032316611]",0.851,-2.3546393248712474,-2.3546393248712474,0,3,2.0,-0.2216090216677965,-1.4737152736915573,4.0,5.0,0.7680547787126227,1.9132359066681224,178.4771929425926,94.04186012512672,94.04186012512672,False,,0.0415005621997342,6.176051486182033,F3_vol_comp_bo_82217119_adverse.parquet,"{'xyz:GOOGL': -0.49, 'xyz:MU': -0.08, 'xyz:NVDA': -0.64, 'xyz:SNDK': -0.48}",0.0,
stocks,F1,"F1:ma_trend(atr_mult=2.0, fast=10, filter=False, slow=40, tf=1h)",adverse,4.7,3.0,24,24.0,0.837161465306572,0.0348817277211071,1.1648250035829022,0.4166666666666667,18,18.0,0.8751035298025968,0.0486168627668109,0.0486168627668109,1.4209338721571334,0.3888888888888889,"[-0.11346068249072344, 0.24985363270303876]",0.33,-0.4823351045779399,-0.4823351045779399,3,3,3.0,-0.257689204672831,1.1327927344754276,11.0,7.0,0.2121646194218331,0.7338140045105446,250.3435572101852,101.7122649951092,101.7122649951092,False,,0.0664417867729735,2.940466483891768,F1_ma_trend_62455420_adverse.parquet,"{'xyz:GOOGL': 0.98, 'xyz:META': -0.34, 'xyz:MU': 0.07, 'xyz:NVDA': -0.16, 'xyz:SNDK': 0.32}",3.0,
stocks,F1,"F1:ma_trend(atr_mult=2.0, fast=10, filter=True, slow=40, tf=1h)",adverse,4.5,0.0,0,,0.0,,,,0,,0.0,,,,,,,,,0,3,0.0,,,,,,,,,,,,,,,,,
stocks,F1,"F1:ma_trend(atr_mult=2.0, fast=20, filter=False, slow=80, tf=1h)",adverse,4.6,3.0,19,19.0,1.1042092517663922,0.0581162764087574,1.414383050543114,0.4736842105263157,8,8.0,-0.6369735409883147,-0.0796216926235393,-0.0796216926235393,0.1169872753431897,0.25,"[-0.18849161314208437, 0.003984597431313354]",0.962,-0.6879952579615424,-0.6879952579615424,0,3,3.0,-0.0307076169371197,-0.606265924051195,2.0,6.0,2.9784818856460658,0.6369735409883147,202.1096363083333,100.46723571077813,100.46723571077813,False,,0.0371051824593682,1.8128324629230832,F1_ma_trend_98178410_adverse.parquet,"{'xyz:GOOGL': -0.28, 'xyz:META': 0.03, 'xyz:MU': -0.39, 'xyz:SNDK': -0.0}",1.0,
stocks,F1,"F1:ma_trend(atr_mult=2.0, fast=20, filter=True, slow=80, tf=1h)",adverse,4.4,0.0,0,,0.0,,,,0,,0.0,,,,,,,,,0,3,0.0,,,,,,,,,,,,,,,,,
stocks,F2,"F2:bb_mr(k=2.0, max_bars=8, n=20, regime=False, tf=1h)",adverse,4.8,0.0,48,39.0,-1.1064728416738174,-0.0230515175348711,0.8974771817847009,0.5833333333333334,34,26.0,-1.414006284367158,-0.0415884201284458,-0.0415884201284458,0.7393868644177177,0.5294117647058824,"[-0.18320234362557028, 0.07904612563984674]",0.731,-2.500670520846436,-2.500670520846436,1,3,3.0,-0.8586990305396487,-0.5553072538275093,14.0,20.0,0.4500026756886878,2.6223177455479245,158.8921207348039,97.50864752813642,97.50864752813642,False,,0.0832055606664622,5.1561453297418325,F2_bb_mr_85647168_adverse.parquet,"{'xyz:GOOGL': 0.05, 'xyz:META': -0.59, 'xyz:MU': 0.45, 'xyz:NVDA': -3.17, 'xyz:SNDK': 1.84}",3.0,
stocks,F2,"F2:bb_mr(k=2.0, max_bars=8, n=20, regime=True, tf=1h)",adverse,4.9,0.0,42,34.0,-3.836694224887963,-0.0913498624973324,0.6492373255524754,0.5238095238095238,23,17.0,-0.1930629327930682,-0.0083940405562203,-0.0083940405562203,0.9292706209459628,0.5217391304347826,"[-0.11637879226938078, 0.08695371801639146]",0.538,-0.7702769285267432,-0.6302729430412526,1,3,3.0,0.588205335657396,-0.7812682684504645,9.0,14.0,0.4606277066421764,1.4281763623954178,138.47628756884058,95.9993694964964,95.9993694964964,False,,0.062557497700092,4.919105728932763,F2_bb_mr_33715970_adverse.parquet,"{'xyz:GOOGL': 0.51, 'xyz:META': 0.42, 'xyz:MU': 0.45, 'xyz:NVDA': -2.11, 'xyz:SNDK': 0.55}",4.0,
stocks,F2,"F2:bb_mr(k=2.5, max_bars=8, n=20, regime=False, tf=1h)",adverse,4.8,1.0,46,39.0,-5.758200563027197,-0.1251782731092869,0.6735047389248547,0.4782608695652174,28,24.0,-4.116577747426393,-0.1470206338366569,-0.1470206338366569,0.3391090669433272,0.3571428571428571,"[-0.2705962631580402, -0.015180341667637905]",0.985,-5.027689812217275,-5.027689812217275,1,3,3.0,-2.734136680384605,-1.3824410670417877,14.0,14.0,0.6438754781576441,5.338480333853568,190.784864704762,92.00216538555142,89.64091524814401,True,2026-08-03 19:22:52.448395+00:00,0.0811611979965245,10.216590918853283,F2_bb_mr_34745707_adverse.parquet,"{'xyz:GOOGL': -0.98, 'xyz:META': -0.88, 'xyz:MU': 0.55, 'xyz:NVDA': -2.9, 'xyz:SNDK': 0.09}",2.0,
stocks,F2,"F2:bb_mr(k=2.5, max_bars=8, n=20, regime=True, tf=1h)",adverse,4.7,0.0,37,32.0,-11.77972740463263,-0.318371010936017,0.3119319159162299,0.3243243243243243,22,18.0,-3.005098130351741,-0.1365953695614427,-0.1365953695614427,0.3497329283296915,0.3181818181818182,"[-0.26391828135122003, 0.009473527956014317]",0.967,-3.916210195142624,-3.916210195142624,1,3,3.0,-1.484706607057877,-1.5203915232938652,9.0,13.0,0.6528419703322991,4.227000716778916,172.80391207803032,88.3002169734091,84.73086802361321,True,2026-07-14 18:44:59.902255+00:00,0.0623530614330982,11.699783026590891,F2_bb_mr_20448718_adverse.parquet,"{'xyz:GOOGL': -0.27, 'xyz:META': 0.01, 'xyz:MU': 0.3, 'xyz:NVDA': -3.03, 'xyz:SNDK': -0.01}",2.0,
stocks,F3,"F3:vol_comp_bo(pct=0.1, tf=1h, trail_atr=2.0)",adverse,4.9,0.0,16,15.0,3.881456380392725,0.2425910237745453,2.5150293524395915,0.625,13,12.0,1.0928982208488869,0.0840690939114528,0.0840690939114528,1.3981382996134326,0.6153846153846154,"[-0.2855902765405242, 0.5498963543871185]",0.359,-0.8438210416123519,-0.8438210416123519,2,3,3.0,0.1932358793592012,0.8996623414896856,2.0,11.0,0.1866580507096025,1.4320662712296468,252.33317291410256,104.73682416833168,104.73682416833168,False,,0.0518245936829193,1.432066271229644,F3_vol_comp_bo_69948422_adverse.parquet,"{'xyz:GOOGL': -0.55, 'xyz:META': -1.62, 'xyz:MU': 0.24, 'xyz:NVDA': 1.83, 'xyz:SNDK': 1.2}",3.0,
stocks,F3,"F3:vol_comp_bo(pct=0.2, tf=1h, trail_atr=2.0)",adverse,4.8,4.0,22,21.0,1.076935393547905,0.048951608797632,1.2424505668529229,0.5,13,12.0,-1.4427570510532504,-0.1109813116194808,-0.1109813116194808,0.5588834988309187,0.4615384615384615,"[-0.3714533582692896, 0.20508406785106037]",0.761,-2.6415639685149443,-2.6415639685149443,0,3,3.0,-0.3324364525951742,-1.1103205984580762,4.0,9.0,0.3655930718873288,1.8598921992889417,261.5673076,99.39664790958474,99.39664790958474,False,,0.06163753449862,2.2795139046160955,F3_vol_comp_bo_15529191_adverse.parquet,"{'xyz:GOOGL': -0.62, 'xyz:META': -1.62, 'xyz:MU': 0.24, 'xyz:NVDA': -0.2, 'xyz:SNDK': 0.77}",2.0,
stocks,F5,"F5:trend_pullback(defn=A, max_bars=16, target_r=1.5)",adverse,4.9,7.0,83,42.0,-11.483063843483736,-0.1383501667889606,0.7043258202163912,0.4337349397590361,51,27.0,-12.078602890933004,-0.2368353508026079,-0.2368353508026079,0.4703180551421357,0.3333333333333333,"[-0.4277267578224251, -0.023278675703703445]",0.983,-14.412245051762628,-14.33916637795637,1,3,3.0,-9.441582608889302,-2.6370202820437028,23.0,28.0,0.3867624319304402,14.509885889201994,163.32638278006536,93.60423945423246,76.81335686794836,True,2026-06-05 14:07:23.836538+00:00,0.1321680466114689,10.780458319634375,F5_trend_pullback_6362139_adverse.parquet,"{'xyz:GOOGL': 1.47, 'xyz:META': -6.41, 'xyz:MU': -4.56, 'xyz:NVDA': -1.98, 'xyz:SNDK': -0.6}",1.0,
stocks,F5,"F5:trend_pullback(defn=A, max_bars=16, target_r=2.0)",adverse,4.6,8.0,79,42.0,-9.88220423821081,-0.1250911928887444,0.7465132493491597,0.4177215189873418,51,27.0,-12.321647330212286,-0.2416009280433781,-0.2416009280433781,0.4722637323408953,0.3333333333333333,"[-0.4263306556116996, -0.0441080737136903]",0.986,-14.72351377187463,-14.162686129435428,0,3,3.0,-9.759510841568936,-2.562136488643351,23.0,28.0,0.3854031244464345,14.354026922467186,161.99902425163395,93.62846658921036,78.17117203394209,True,2026-06-05 14:07:23.836538+00:00,0.1337013186139221,10.956559045526191,F5_trend_pullback_65699219_adverse.parquet,"{'xyz:GOOGL': 0.97, 'xyz:META': -6.42, 'xyz:MU': -4.56, 'xyz:NVDA': -1.99, 'xyz:SNDK': -0.33}",1.0,
stocks,F5,"F5:trend_pullback(defn=B, max_bars=16, target_r=1.5)",adverse,4.8,4.0,71,42.0,-12.078931434828526,-0.1701257948567398,0.6429010951868287,0.4507042253521127,43,27.0,-12.57164125411893,-0.2923637500957891,-0.2923637500957891,0.4160574328316618,0.3720930232558139,"[-0.5402361110531486, 0.005884186933080017]",0.972,-14.905283414948553,-16.128432608988547,1,3,3.0,-5.615224769577574,-6.956416484541358,18.0,25.0,0.4288359223719311,14.898323588362624,176.22628249302326,91.49566055761704,75.76985631671182,True,2026-06-05 19:07:29.704523+00:00,0.1214351425942962,10.607744928667628,F5_trend_pullback_78731027_adverse.parquet,"{'xyz:GOOGL': -0.64, 'xyz:META': -5.86, 'xyz:MU': -0.33, 'xyz:NVDA': -6.05, 'xyz:SNDK': 0.31}",1.0,
stocks,F5,"F5:trend_pullback(defn=B, max_bars=16, target_r=2.0)",adverse,4.8,4.0,68,42.0,-11.179777234601143,-0.1644084887441345,0.664871098661286,0.4264705882352941,43,27.0,-12.338285070108936,-0.2869368620955566,-0.2869368620955566,0.4286556348880679,0.3720930232558139,"[-0.5387141411254911, 0.01430473555226454]",0.965,-14.74015151177128,-15.981556663931272,1,3,3.0,-5.413396830975697,-6.924888239133236,18.0,25.0,0.4165601839147946,14.751880296246933,177.60118621821704,91.6619333325999,76.90673101588688,True,2026-06-05 19:07:29.704523+00:00,0.1221506695287744,10.538343152844106,F5_trend_pullback_9883134_adverse.parquet,"{'xyz:GOOGL': -0.65, 'xyz:META': -5.85, 'xyz:MU': -0.33, 'xyz:NVDA': -6.07, 'xyz:SNDK': 0.58}",1.0,
stocks,F6,"F6:orb(or_min=30, target_r=2.0)",adverse,3.6,14.0,72,41.0,-8.150565465141353,-0.1132022981269632,0.7545470207136854,0.4444444444444444,34,26.0,-1.1657510768597397,-0.0342867963782276,-0.0342867963782276,0.8663267428190846,0.5,"[-0.2682887567556926, 0.20062386984220398]",0.597,-3.1150153056351786,-3.341392925452121,1,3,3.0,-3.4145872020272185,2.2488361251674784,15.0,19.0,0.2307569974079326,5.498550765399125,246.77310480490195,90.96407266185018,90.46797735238206,True,2026-06-05 14:37:31.823945+00:00,0.1427987324951446,10.2407910053617,F6_orb_91048706_adverse.parquet,"{'xyz:GOOGL': 1.01, 'xyz:META': -0.69, 'xyz:MU': 0.09, 'xyz:NVDA': -0.23, 'xyz:SNDK': -1.36}",2.0,
stocks,F6,"F6:orb(or_min=30, target_r=None)",adverse,3.6,11.0,60,41.0,-12.453150846078058,-0.2075525141013009,0.6102050297301241,0.4166666666666667,29,26.0,-1.4375285101914723,-0.0495699486272921,-0.0495699486272921,0.821802069727055,0.5172413793103449,"[-0.2963497115335276, 0.24057645731717897]",0.623,-3.906979843122209,-3.906979843122209,1,3,3.0,-4.0845953691744405,2.6470668589829693,13.0,16.0,0.2113726182438213,5.5388486024601296,291.90997541666667,91.10367748720648,85.89361453811362,True,2026-06-05 14:37:31.823945+00:00,0.1437186956966165,10.12811221850268,F6_orb_1320256_adverse.parquet,"{'xyz:GOOGL': -0.59, 'xyz:META': -0.69, 'xyz:MU': -0.44, 'xyz:NVDA': 0.77, 'xyz:SNDK': -0.5}",1.0,
stocks,F6,"F6:orb(or_min=60, target_r=2.0)",adverse,3.6,4.0,55,41.0,-1.2527139364539135,-0.0227766170264347,0.9437952547412158,0.4909090909090909,39,27.0,-9.551799657289708,-0.2449179399305053,-0.2449179399305053,0.4046296314634101,0.3846153846153846,"[-0.42492017436329316, -0.042245656711688985]",0.99,-10.92008369032171,-10.811788444393564,0,3,3.0,-4.082198518786181,-5.469601138503526,19.0,20.0,0.4622512571691549,9.551799657289708,193.16130884444445,91.48936593674702,88.87871271295602,True,2026-08-20 18:07:58.286565+00:00,0.1278748850045998,10.4665541859343,F6_orb_56923557_adverse.parquet,"{'xyz:GOOGL': -0.17, 'xyz:META': -0.68, 'xyz:MU': 0.3, 'xyz:NVDA': -0.79, 'xyz:SNDK': -8.22}",1.0,
stocks,F6,"F6:orb(or_min=60, target_r=None)",adverse,3.6,4.0,51,41.0,-1.7582826232842028,-0.0344761298683177,0.918236499999012,0.4901960784313725,36,27.0,-9.901846381555824,-0.2750512883765507,-0.2750512883765507,0.3735720972593592,0.3888888888888889,"[-0.4624544702536071, -0.05480315713694287]",0.991,-11.482494937368871,-11.482494937368871,0,3,3.0,-3.919689764438055,-5.982156617117768,17.0,19.0,0.4787997871098223,9.901846381555824,210.92575702175924,91.89546115298516,88.02309730185962,True,2026-06-26 19:22:31.549136+00:00,0.1279771031380967,10.060458969696157,F6_orb_89930649_adverse.parquet,"{'xyz:GOOGL': 0.42, 'xyz:META': -1.73, 'xyz:MU': 0.46, 'xyz:NVDA': -1.42, 'xyz:SNDK': -7.63}",2.0,
stocks,B0,B0:baseline_session_long(),adverse,3.7,92.0,43,42.0,2.887160807754099,0.0671432745989325,1.36849457364033,0.5116279069767442,26,26.0,-0.953639897180953,-0.0366784575838828,-0.0366784575838828,0.7443351441382907,0.3846153846153846,"[-0.16828340002447048, 0.090255427776279]",0.718,-1.9792005615659567,-1.9792005615659567,0,3,3.0,-0.953639897180953,0.0,26.0,0.0,0.14555672794809,1.6306981055876175,360.9113576557692,101.75709669993095,101.75709669993095,False,,0.1595625063886333,2.024795392896806,B0_baseline_session_long_5922197_adverse.parquet,"{'xyz:MU': -1.14, 'xyz:NVDA': 1.2, 'xyz:SNDK': -1.01}",1.0,
stocks,F1,"F1:ma_trend(atr_mult=2.0, fast=10, filter=False, slow=40, tf=15m)",standard_fee,3.9,3.0,56,40.0,-15.230103523304642,-0.2719661343447258,0.5691408119911604,0.4464285714285714,28,25.0,-5.285050758550158,-0.1887518128053627,-0.1887518128053627,0.5074432868614842,0.5,"[-0.433098678784249, 0.06398959274993354]",0.912,-6.501843698557722,-6.501843698557722,1,3,3.0,-2.946353329786,-2.338697428764158,14.0,14.0,0.8317605587190396,6.655002206774232,294.9430443827381,88.79173048589018,79.1670357907515,True,2026-07-06 14:37:30.081300+00:00,0.1393233159562506,11.208269514109816,F1_ma_trend_39834940_standard_fee.parquet,"{'xyz:GOOGL': -1.8, 'xyz:META': 0.07, 'xyz:MU': 1.1, 'xyz:NVDA': -2.86, 'xyz:SNDK': -1.79}",2.0,
stocks,F1,"F1:ma_trend(atr_mult=2.0, fast=10, filter=True, slow=40, tf=15m)",standard_fee,4.0,0.0,0,,0.0,,,,0,,0.0,,,,,,,,,0,3,0.0,,,,,,,,,,,,,,,,,
stocks,F1,"F1:ma_trend(atr_mult=2.0, fast=20, filter=False, slow=80, tf=15m)",standard_fee,3.9,1.0,41,32.0,-2.950024532515597,-0.071951817866234,0.8501722243603117,0.3902439024390244,25,23.0,-1.4761186514018636,-0.0590447460560745,-0.0590447460560745,0.8333776327221049,0.56,"[-0.3497861501252376, 0.25592013433301525]",0.63,-3.118032798881149,-3.118032798881149,1,3,3.0,-3.91336326455677,2.4372446131549066,11.0,14.0,0.6194216771299048,2.916487285014317,277.0676294113333,95.36162155714916,95.36162155714916,False,,0.1072268220382295,8.544520010937745,F1_ma_trend_35237887_standard_fee.parquet,"{'xyz:GOOGL': -1.0, 'xyz:META': -0.79, 'xyz:MU': -1.06, 'xyz:NVDA': 0.71, 'xyz:SNDK': 0.67}",2.0,
stocks,F1,"F1:ma_trend(atr_mult=2.0, fast=20, filter=True, slow=80, tf=15m)",standard_fee,4.0,0.0,0,,0.0,,,,0,,0.0,,,,,,,,,0,3,0.0,,,,,,,,,,,,,,,,,
stocks,F2,"F2:bb_mr(k=2.0, max_bars=8, n=20, regime=False, tf=15m)",standard_fee,4.8,23.0,94,42.0,-33.92852773205016,-0.3609417843835123,0.3420282475303737,0.3191489361702128,58,27.0,-20.666699694527576,-0.3563224085263375,-0.3563224085263375,0.2269265449591423,0.2241379310344827,"[-0.49818072167831445, -0.22548694743795472]",1.0,-21.82071986279429,-21.13285974119973,0,3,3.0,-7.182999360251372,-13.483700334276204,29.0,29.0,1.6397110802717745,20.97674082409644,73.95725181810344,90.02985809574868,45.40477257342236,True,2026-06-04 15:37:31.828487+00:00,0.0815700705305121,10.014059912831144,F2_bb_mr_28727861_standard_fee.parquet,"{'xyz:GOOGL': -5.09, 'xyz:META': -4.35, 'xyz:MU': -5.19, 'xyz:NVDA': -2.71, 'xyz:SNDK': -3.33}",0.0,
stocks,F2,"F2:bb_mr(k=2.0, max_bars=8, n=20, regime=True, tf=15m)",standard_fee,4.8,13.0,47,32.0,-18.34012781505128,-0.3902154854266229,0.2328759137529344,0.2978723404255319,32,22.0,-13.749122367899266,-0.4296600739968521,-0.4296600739968521,0.1167258015834516,0.21875,"[-0.6021194597733407, -0.2811041475070282]",1.0,-14.22924395780406,-14.03158341774567,0,3,3.0,-6.263078477293324,-7.486043890605943,18.0,14.0,3.49972119877027,13.749122367899268,54.421387469270826,88.73996973974867,67.91074981704948,True,2026-07-10 15:22:30.113825+00:00,0.0366963099253807,11.260030260251328,F2_bb_mr_70897870_standard_fee.parquet,"{'xyz:GOOGL': -3.57, 'xyz:META': -3.91, 'xyz:MU': -3.39, 'xyz:NVDA': -1.52, 'xyz:SNDK': -1.36}",0.0,
stocks,F2,"F2:bb_mr(k=2.5, max_bars=8, n=20, regime=False, tf=15m)",standard_fee,4.8,27.0,65,42.0,-11.953595024928358,-0.1839014619219747,0.6480039443434374,0.4,37,27.0,-9.433161045062452,-0.2549502985152014,-0.2549502985152014,0.5160770668789307,0.3513513513513513,"[-0.5564472786274043, 0.04331871210993167]",0.949,-11.63549141868096,-11.346212434392498,0,3,3.0,1.5260816262149346,-10.959242671277387,17.0,20.0,0.7198430560095772,9.794514115178735,80.22733180630632,89.88617959584046,78.61324393000916,True,2026-05-29 14:37:31.621709+00:00,0.0593887355616886,10.11382040415954,F2_bb_mr_87018847_standard_fee.parquet,"{'xyz:GOOGL': -3.49, 'xyz:META': -0.78, 'xyz:MU': -2.36, 'xyz:NVDA': 0.12, 'xyz:SNDK': -2.93}",1.0,
stocks,F2,"F2:bb_mr(k=2.5, max_bars=8, n=20, regime=True, tf=15m)",standard_fee,4.8,7.0,38,30.0,-14.676606219508228,-0.3862264794607428,0.2955390180224402,0.3157894736842105,23,20.0,-12.496070415319512,-0.543307409361718,-0.543307409361718,0.1047931969576305,0.2608695652173913,"[-0.8592487206962237, -0.2765285957778146]",1.0,-12.976192005224307,-12.955209452508967,0,3,3.0,-3.8854850968331225,-8.610585318486393,12.0,11.0,2.957984684904869,12.496070415319512,60.75799031376811,89.80648107935455,72.82732336517226,True,2026-06-26 16:37:40.006890+00:00,0.0309720944495553,10.193518920645444,F2_bb_mr_21772563_standard_fee.parquet,"{'xyz:GOOGL': -2.08, 'xyz:META': -1.95, 'xyz:MU': -1.9, 'xyz:NVDA': -2.38, 'xyz:SNDK': -4.18}",0.0,
stocks,F3,"F3:vol_comp_bo(pct=0.1, tf=15m, trail_atr=2.0)",standard_fee,5.2,5.0,11,11.0,2.868517532130963,0.2607743211028148,2.031726615946554,0.7272727272727273,6,6.0,-1.5197361560353235,-0.2532893593392206,-0.2532893593392206,0.2573573533765735,0.5,"[-0.7321957946149785, 0.14683424193531716]",0.877,-1.992363587491202,-1.992363587491202,0,3,2.0,-0.1389517274689888,-1.3807844285663349,3.0,3.0,1.4018357714588785,1.905317481325255,175.16690594166667,101.34878137609562,101.34878137609562,False,,0.0258611877747112,1.905317481325256,F3_vol_comp_bo_9724871_standard_fee.parquet,"{'xyz:GOOGL': -0.63, 'xyz:MU': -0.12, 'xyz:NVDA': -0.8, 'xyz:SNDK': 0.03}",1.0,
stocks,F3,"F3:vol_comp_bo(pct=0.2, tf=15m, trail_atr=2.0)",standard_fee,5.1,6.0,21,20.0,-5.3752614385341175,-0.2559648304063865,0.4735325701797833,0.4761904761904761,9,9.0,-2.220945577593697,-0.2467717308437441,-0.2467717308437441,0.2360650087854416,0.4444444444444444,"[-0.5915716693626141, 0.02400307562425421]",0.945,-2.693573009049575,-2.693573009049575,0,3,2.0,-0.4986488075059724,-1.7222967700877243,4.0,5.0,1.9447770706960752,2.220945577593697,178.4771929425926,92.40379298387217,92.40379298387217,False,,0.0415005621997342,7.596207016127835,F3_vol_comp_bo_82217119_standard_fee.parquet,"{'xyz:GOOGL': -0.57, 'xyz:MU': -0.14, 'xyz:NVDA': -0.8, 'xyz:SNDK': -0.71}",0.0,
stocks,F1,"F1:ma_trend(atr_mult=2.0, fast=10, filter=False, slow=40, tf=1h)",standard_fee,4.5,3.0,24,24.0,-0.2737135656485625,-0.0114047319020234,0.950850170463933,0.4166666666666667,18,18.0,-0.124427498422048,-0.0069126388012248,-0.0069126388012248,0.9522678995205688,0.3888888888888889,"[-0.16214872224405757, 0.18494040650027868]",0.562,-1.3163680052330324,-1.3163680052330324,1,3,3.0,-0.8678875248967551,0.7434600264747072,11.0,7.0,0.6106723069946882,0.9618698935431444,250.3435572101852,99.60185893592934,99.60185893592934,False,,0.0664417867729735,3.589177645869725,F1_ma_trend_62455420_standard_fee.parquet,"{'xyz:GOOGL': 0.35, 'xyz:META': -0.38, 'xyz:MU': -0.09, 'xyz:NVDA': -0.24, 'xyz:SNDK': 0.24}",2.0,
stocks,F1,"F1:ma_trend(atr_mult=2.0, fast=10, filter=True, slow=40, tf=1h)",standard_fee,4.6,0.0,0,,0.0,,,,0,,0.0,,,,,,,,,0,3,0.0,,,,,,,,,,,,,,,,,
stocks,F1,"F1:ma_trend(atr_mult=2.0, fast=20, filter=False, slow=80, tf=1h)",standard_fee,4.7,3.0,19,19.0,0.3144693684706908,0.0165510193931942,1.1062074769032249,0.3684210526315789,8,8.0,-0.9933800212299472,-0.1241725026537434,-0.1241725026537434,0.0217455375177516,0.125,"[-0.22895993457984737, -0.03593040373916399]",1.0,-1.0154617835417985,-1.0154617835417985,0,3,3.0,-0.1143092603854263,-0.8790707608445207,2.0,6.0,27.616904859033724,0.9933800212299472,202.1096363083333,99.32108934724074,99.32108934724074,False,,0.0371051824593682,2.259480584484564,F1_ma_trend_98178410_standard_fee.parquet,"{'xyz:GOOGL': -0.49, 'xyz:META': -0.02, 'xyz:MU': -0.43, 'xyz:SNDK': -0.04}",0.0,
stocks,F1,"F1:ma_trend(atr_mult=2.0, fast=20, filter=True, slow=80, tf=1h)",standard_fee,4.6,0.0,0,,0.0,,,,0,,0.0,,,,,,,,,0,3,0.0,,,,,,,,,,,,,,,,,
stocks,F2,"F2:bb_mr(k=2.0, max_bars=8, n=20, regime=False, tf=1h)",standard_fee,4.7,0.0,48,39.0,-4.6505077806565245,-0.0968855787636776,0.6132903591548651,0.5208333333333334,34,26.0,-3.724819966897521,-0.1095535284381623,-0.1095535284381623,0.4254339263094722,0.3235294117647059,"[-0.24155064716590907, 0.0066969256453983505]",0.972,-4.71896384580581,-4.71896384580581,0,3,3.0,-1.7698902132591052,-1.954929753638416,14.0,20.0,1.501592082546836,4.215524032653606,158.8921207348039,91.59767660437672,91.59767660437672,False,,0.0832055606664622,8.896215807992078,F2_bb_mr_85647168_standard_fee.parquet,"{'xyz:GOOGL': -0.7, 'xyz:META': -0.76, 'xyz:MU': 0.28, 'xyz:NVDA': -3.78, 'xyz:SNDK': 1.23}",2.0,
stocks,F2,"F2:bb_mr(k=2.0, max_bars=8, n=20, regime=True, tf=1h)",standard_fee,4.8,0.0,42,34.0,-6.5367969096798895,-0.155638021659045,0.4571461573072767,0.4523809523809524,23,17.0,-1.9325525094009,-0.0840240221478652,-0.0840240221478652,0.4551132885708622,0.3043478260869565,"[-0.17990534020551102, 0.007537426473134527]",0.969,-2.290583067167204,-2.205564233749936,0,3,3.0,-0.1496439537312335,-1.7829085556696656,9.0,14.0,1.7349201084898294,2.456394345794374,138.47628756884058,91.50365493285,91.50365493285,False,,0.062557497700092,8.629018575139781,F2_bb_mr_33715970_standard_fee.parquet,"{'xyz:GOOGL': -0.06, 'xyz:META': 0.24, 'xyz:MU': 0.31, 'xyz:NVDA': -2.62, 'xyz:SNDK': 0.2}",3.0,
stocks,F2,"F2:bb_mr(k=2.5, max_bars=8, n=20, regime=False, tf=1h)",standard_fee,4.7,1.0,46,39.0,-8.530048197138226,-0.1854358303725701,0.5356117661108257,0.4565217391304347,28,24.0,-5.88417079543186,-0.2101489569797092,-0.2101489569797092,0.2029658859003624,0.25,"[-0.3277780951090154, -0.08695608694192143]",1.0,-6.673148759388541,-6.673148759388541,1,3,3.0,-3.542081750797942,-2.342089044633918,14.0,14.0,2.186423559868482,6.87849441224551,190.784864704762,91.4699518028618,85.06711493196703,True,2026-07-22 19:23:00.220061+00:00,0.0811611979965245,10.09515420124906,F2_bb_mr_34745707_standard_fee.parquet,"{'xyz:GOOGL': -1.3, 'xyz:META': -0.95, 'xyz:MU': 0.3, 'xyz:NVDA': -3.69, 'xyz:SNDK': -0.25}",1.0,
stocks,F2,"F2:bb_mr(k=2.5, max_bars=8, n=20, regime=True, tf=1h)",standard_fee,4.9,0.0,37,32.0,-13.691933366477686,-0.3700522531480456,0.2360351798465224,0.3243243243243243,22,18.0,-4.4141867847610445,-0.2006448538527747,-0.2006448538527747,0.2137327298362668,0.1818181818181818,"[-0.32199246799414394, -0.06102712973079144]",0.997,-5.203164748717725,-5.203164748717725,0,3,3.0,-2.046129803654152,-2.3680569811068928,9.0,13.0,2.1287062586299785,5.408510401574693,172.80391207803032,89.27245186794079,81.37521377329834,True,2026-07-06 18:52:26.184661+00:00,0.0623530614330982,10.727548132059212,F2_bb_mr_20448718_standard_fee.parquet,"{'xyz:GOOGL': -0.45, 'xyz:META': -0.03, 'xyz:MU': 0.11, 'xyz:NVDA': -3.71, 'xyz:SNDK': -0.33}",1.0,
stocks,F3,"F3:vol_comp_bo(pct=0.1, tf=1h, trail_atr=2.0)",standard_fee,4.8,1.0,16,15.0,2.968973442741301,0.1855608401713313,2.104307046774062,0.625,12,11.0,0.2191204794918193,0.0182600399576516,0.0182600399576516,1.0734211426808098,0.4166666666666667,"[-0.36283232122673054, 0.5204617362896576]",0.446,-1.5427722224781988,-1.5427722224781988,1,3,3.0,0.1695857881655313,0.0495346913262877,2.0,10.0,0.4491403101744603,1.821344964990704,248.33757317222225,102.92788589719255,102.92788589719255,False,,0.0497802310129817,2.2005301755540927,F3_vol_comp_bo_69948422_standard_fee.parquet,"{'xyz:GOOGL': -0.8, 'xyz:META': -1.75, 'xyz:MU': 0.05, 'xyz:NVDA': 1.54, 'xyz:SNDK': 1.18}",3.0,
stocks,F3,"F3:vol_comp_bo(pct=0.2, tf=1h, trail_atr=2.0)",standard_fee,4.8,6.0,22,21.0,0.0420002765784692,0.0019091034808395,1.0088776223277784,0.5,12,11.0,-2.141791200190112,-0.1784826000158426,-0.1784826000158426,0.4023106136988816,0.3333333333333333,"[-0.4559746004174309, 0.184632466893375]",0.825,-3.318737564810734,-3.318737564810734,0,3,3.0,-0.4300000507841689,-1.7117911494059428,4.0,8.0,0.9245892347245716,2.275439277337183,258.3412190819445,97.6400010513478,97.6400010513478,False,,0.0595931718286824,3.5801408192173625,F3_vol_comp_bo_15529191_standard_fee.parquet,"{'xyz:GOOGL': -0.8, 'xyz:META': -1.75, 'xyz:MU': 0.05, 'xyz:NVDA': -0.36, 'xyz:SNDK': 0.72}",2.0,
stocks,F5,"F5:trend_pullback(defn=A, max_bars=16, target_r=1.5)",standard_fee,4.7,7.0,83,42.0,-18.45752915448685,-0.2223798693311668,0.5540842808754622,0.3734939759036144,51,27.0,-15.683885925747251,-0.307527175014652,-0.307527175014652,0.3591967888299592,0.3137254901960784,"[-0.48747938261438956, -0.11005328369924453]",0.998,-17.774261272824713,-17.538476021602,0,3,3.0,-10.7376521911054,-4.946233734641847,23.0,28.0,0.9696903640182236,16.865842778302508,163.32638278006536,93.43405041274184,66.07632335743997,True,2026-06-04 18:52:24.899640+00:00,0.1321680466114689,10.123895659358666,F5_trend_pullback_6362139_standard_fee.parquet,"{'xyz:GOOGL': 0.09, 'xyz:META': -6.83, 'xyz:MU': -4.9, 'xyz:NVDA': -2.59, 'xyz:SNDK': -1.46}",1.0,
stocks,F5,"F5:trend_pullback(defn=A, max_bars=16, target_r=2.0)",standard_fee,4.6,8.0,79,42.0,-16.501235730618244,-0.2088764016533955,0.6011439520394769,0.379746835443038,51,27.0,-15.892639545923515,-0.3116203832534022,-0.3116203832534022,0.3636941987143894,0.3137254901960784,"[-0.4898460014367205, -0.12410285165997564]",0.999,-18.04663054775792,-17.41823323268098,0,3,3.0,-10.994302173412624,-4.898337372510893,23.0,28.0,0.9490006468658906,16.977822189219587,161.99902425163395,93.58030699060065,67.82386316113232,True,2026-06-04 18:52:24.899640+00:00,0.1337013186139221,10.139909962644708,F5_trend_pullback_65699219_standard_fee.parquet,"{'xyz:GOOGL': -0.33, 'xyz:META': -6.84, 'xyz:MU': -4.9, 'xyz:NVDA': -2.6, 'xyz:SNDK': -1.22}",0.0,
stocks,F5,"F5:trend_pullback(defn=B, max_bars=16, target_r=1.5)",standard_fee,4.7,4.0,71,42.0,-17.448164199536713,-0.2457487915427706,0.5060998903141304,0.4084507042253521,43,27.0,-15.243405849844054,-0.3544978104614896,-0.3544978104614896,0.3231983986951367,0.3488372093023256,"[-0.5850581603588068, -0.08139714748178146]",0.995,-17.333781196921517,-18.262222833846423,0,3,3.0,-6.615175066302228,-8.628230783541829,18.0,25.0,1.0270584848411348,16.54433159190292,176.22628249302326,91.23361484307333,67.49667936062664,True,2026-06-05 14:07:23.836538+00:00,0.1214351425942962,10.58282382860314,F5_trend_pullback_78731027_standard_fee.parquet,"{'xyz:GOOGL': -1.6, 'xyz:META': -6.67, 'xyz:MU': -0.39, 'xyz:NVDA': -6.27, 'xyz:SNDK': -0.31}",0.0,
stocks,F5,"F5:trend_pullback(defn=B, max_bars=16, target_r=2.0)",standard_fee,4.5,4.0,68,42.0,-16.255823408851068,-0.239056226600751,0.5327542148598093,0.4117647058823529,43,27.0,-15.022929805807811,-0.3493704606001817,-0.3493704606001817,0.3352006884238285,0.3488372093023256,"[-0.5814936095320763, -0.0711891376076247]",0.993,-17.17692080764221,-18.12462471919212,0,3,3.0,-6.406452092178253,-8.616477713629559,18.0,25.0,0.99143931855635,16.403727702731977,177.60118621821704,91.5165945486268,68.91227478442615,True,2026-06-05 14:07:23.836538+00:00,0.1221506695287744,10.299844123049638,F5_trend_pullback_9883134_standard_fee.parquet,"{'xyz:GOOGL': -1.62, 'xyz:META': -6.65, 'xyz:MU': -0.39, 'xyz:NVDA': -6.3, 'xyz:SNDK': -0.05}",0.0,
stocks,F6,"F6:orb(or_min=30, target_r=2.0)",standard_fee,3.7,15.0,72,41.0,-13.022936634241823,-0.1808741199200253,0.6223579144419019,0.4305555555555556,34,26.0,-3.516669885000353,-0.1034314672058927,-0.1034314672058927,0.6204722459288067,0.4117647058823529,"[-0.30965354779987747, 0.10714457007083737]",0.826,-5.220302531146837,-5.332471707443155,1,3,3.0,-4.090689193132697,0.5740193081323433,15.0,19.0,0.6807200009109178,6.29874925659289,246.77310480490195,90.0535549801956,83.21070494083618,True,2026-06-05 14:37:31.823945+00:00,0.1427987324951446,10.715036554135722,F6_orb_91048706_standard_fee.parquet,"{'xyz:GOOGL': 0.16, 'xyz:META': -0.7, 'xyz:MU': -0.49, 'xyz:NVDA': -0.61, 'xyz:SNDK': -1.87}",1.0,
stocks,F6,"F6:orb(or_min=30, target_r=None)",standard_fee,3.5,11.0,60,41.0,-15.924652735382878,-0.265410878923048,0.5128025695146102,0.4166666666666667,29,26.0,-3.125511244553066,-0.1077762498121747,-0.1077762498121747,0.6309249430851691,0.3793103448275862,"[-0.32904658891370575, 0.1581664686939677]",0.793,-5.3097339894601205,-5.3097339894601205,1,3,3.0,-4.556393185234458,1.4308819406813922,13.0,16.0,0.5810038170707261,6.622760793871767,291.90997541666667,90.2591264440072,80.7001474801424,True,2026-06-05 14:37:31.823945+00:00,0.1437186956966165,10.509465090324127,F6_orb_1320256_standard_fee.parquet,"{'xyz:GOOGL': -1.01, 'xyz:META': -0.7, 'xyz:MU': -0.69, 'xyz:NVDA': 0.3, 'xyz:SNDK': -1.02}",1.0,
stocks,F6,"F6:orb(or_min=60, target_r=2.0)",standard_fee,3.6,4.0,55,41.0,-4.896127449855658,-0.0890204990882847,0.7874950196861634,0.4727272727272727,39,27.0,-12.262796417265363,-0.3144306773657785,-0.3144306773657785,0.2825065936494496,0.358974358974359,"[-0.4912463556150824, -0.11965292815005042]",1.0,-13.362380589090492,-13.165056524724951,0,3,3.0,-5.290902756989469,-6.971893660275895,19.0,20.0,1.2570707443894011,12.262796417265362,193.16130884444445,91.2378433218462,82.48934350349724,True,2026-07-08 15:22:26.528188+00:00,0.1278748850045998,10.046643498854904,F6_orb_56923557_standard_fee.parquet,"{'xyz:GOOGL': -0.99, 'xyz:META': -0.98, 'xyz:MU': 0.13, 'xyz:NVDA': -1.92, 'xyz:SNDK': -8.51}",1.0,
stocks,F6,"F6:orb(or_min=60, target_r=None)",standard_fee,3.7,4.0,51,41.0,-5.190093717657261,-0.1017665434834757,0.7665355317701634,0.4705882352941176,36,27.0,-12.281397761100411,-0.3411499378083447,-0.3411499378083447,0.2663158054132946,0.3611111111111111,"[-0.5136757764988167, -0.13345688082879495]",0.998,-13.828077656112352,-13.828077656112352,0,3,3.0,-4.955516161132628,-7.325881599967785,17.0,19.0,1.273140972152152,12.281397761100411,210.92575702175924,91.0706316978923,82.1767758918606,True,2026-06-24 16:37:31.960611+00:00,0.1279771031380967,10.213855122808807,F6_orb_89930649_standard_fee.parquet,"{'xyz:GOOGL': -0.35, 'xyz:META': -1.85, 'xyz:MU': 0.32, 'xyz:NVDA': -2.48, 'xyz:SNDK': -7.93}",1.0,
stocks,B0,B0:baseline_session_long(),standard_fee,3.6,93.0,43,42.0,1.5865194240124647,0.0368958005584294,1.1927948633666918,0.4883720930232558,26,26.0,-1.5605316071338056,-0.0600204464282232,-0.0600204464282232,0.613346209931047,0.3461538461538461,"[-0.18408444998202003, 0.060505578661889915]",0.818,-2.521221576481147,-2.521221576481147,0,3,3.0,-1.5605316071338056,0.0,26.0,0.0,0.4199481102919007,1.6965477260804347,360.9113576557692,99.82621075040734,99.82621075040734,False,,0.1595625063886333,2.57159838092376,B0_baseline_session_long_5922197_standard_fee.parquet,"{'xyz:MU': -1.27, 'xyz:NVDA': 0.81, 'xyz:SNDK': -1.1}",1.0,
stocks,F1b,"F1b:ma_trend(atr_mult=2.0, fast=10, filter=True, slow=40, tf=15m)",base,3.9,1.0,36,35.0,23.22100809876692,0.6450280027435255,3.644520185030742,0.5555555555555556,25,24.0,-0.2368773018624672,-0.0094750920744986,-0.0094750920744986,0.954450850807464,0.48,"[-0.21438407630663053, 0.18557480703337498]",0.565,-1.184934205293406,-1.184934205293406,1,3,3.0,-0.1859832427385347,-0.0508940591239326,12.0,13.0,0.1964446406945587,2.565682069634511,289.24587295733335,122.83624235506716,122.83624235506716,False,,0.1169375447204334,3.0370005419786708,F1b_ma_trend_99250138_base.parquet,"{'xyz:GOOGL': 1.56, 'xyz:META': -0.33, 'xyz:MU': 1.41, 'xyz:NVDA': -1.69, 'xyz:SNDK': -1.19}",2.0,
stocks,F1b,"F1b:ma_trend(atr_mult=2.0, fast=20, filter=True, slow=80, tf=15m)",base,3.9,2.0,23,22.0,0.2927063271227336,0.0127263620488145,1.038187523074837,0.5217391304347826,18,18.0,-2.9933511835244606,-0.1662972879735811,-0.1662972879735811,0.5890611804926391,0.3333333333333333,"[-0.5703318756431731, 0.23624584936360807]",0.786,-5.126598616783268,-5.126598616783268,1,3,3.0,-2.552010869934626,-0.4413403135898357,6.0,12.0,0.2009977153750548,4.093237429028953,209.0974392287037,97.2993551435983,97.2993551435983,False,,0.0604109168966574,5.160829069181744,F1b_ma_trend_2918084_base.parquet,"{'xyz:GOOGL': 2.51, 'xyz:META': -1.06, 'xyz:MU': -0.41, 'xyz:NVDA': -2.74, 'xyz:SNDK': -1.29}",1.0,
stocks,F1b,"F1b:ma_trend(atr_mult=2.0, fast=10, filter=True, slow=40, tf=1h)",base,4.7,2.0,13,13.0,-0.2223034783789089,-0.0171002675676083,0.891850777503504,0.4615384615384615,12,12.0,0.4752583720661693,0.0396048643388474,0.0396048643388474,1.4478937745645126,0.5833333333333334,"[-0.10985656439875227, 0.216523167827286]",0.335,-0.2876183744673105,-0.2876183744673105,1,3,3.0,-0.1023768521360161,0.5776352242021853,4.0,8.0,0.1874085531508175,0.5833577014331421,179.1813051152778,100.2529548936873,100.2529548936873,False,,0.0290299499131145,1.6678270308224654,F1b_ma_trend_29923525_base.parquet,"{'xyz:GOOGL': 0.67, 'xyz:META': 0.13, 'xyz:MU': -0.62, 'xyz:NVDA': 0.3}",3.0,
stocks,F1b,"F1b:ma_trend(atr_mult=2.0, fast=20, filter=True, slow=80, tf=1h)",base,4.5,0.0,3,3.0,0.191309385055315,0.0637697950184383,1.886250974804444,0.6666666666666666,3,3.0,-0.3559985816690187,-0.1186661938896729,-0.1186661938896729,0.1071849848025125,0.3333333333333333,,,-0.3987372250793443,-0.3987372250793443,1,3,3.0,0.0427386434103255,-0.3987372250793443,1.0,2.0,1.1960395403646007,0.3987372250793443,79.65485235555555,99.83531080338628,99.83531080338628,False,,0.0043953797403659,0.614600891799185,F1b_ma_trend_27423441_base.parquet,"{'xyz:GOOGL': 0.04, 'xyz:MU': -0.4}",1.0,
stocks,F1b,"F1b:ma_trend(atr_mult=2.0, fast=10, filter=True, slow=40, tf=15m)",adverse,4.1,1.0,36,35.0,21.98670324267738,0.6107417567410383,3.527340859059422,0.5555555555555556,25,24.0,-0.956148351544239,-0.0382459340617695,-0.0382459340617695,0.8244521811897663,0.48,"[-0.24011170484074704, 0.15477955881563907]",0.681,-1.8471949052334875,-1.8471949052334875,1,3,3.0,-0.4127282699087667,-0.5434200816354722,12.0,13.0,0.3537555197152612,2.7235501356629435,289.24587295733335,120.87561221664704,120.87561221664704,False,,0.1169375447204334,3.00419948913013,F1b_ma_trend_99250138_adverse.parquet,"{'xyz:GOOGL': 1.38, 'xyz:META': -0.67, 'xyz:MU': 1.34, 'xyz:NVDA': -1.77, 'xyz:SNDK': -1.23}",2.0,
stocks,F1b,"F1b:ma_trend(atr_mult=2.0, fast=20, filter=True, slow=80, tf=15m)",adverse,4.2,2.0,23,22.0,-0.529863559542856,-0.0230375460670806,0.9323335771810258,0.5217391304347826,18,18.0,-3.354291257302497,-0.1863495142945831,-0.1863495142945831,0.5390156612632012,0.3333333333333333,"[-0.5690778235296509, 0.1945763137917288]",0.832,-5.312831517882001,-5.312831517882001,1,3,3.0,-2.5239689705554813,-0.830322286747017,6.0,12.0,0.3490912591785532,4.126920659424078,209.0974392287037,96.11584518315463,96.11584518315463,False,,0.0604109168966574,5.631829688139462,F1b_ma_trend_2918084_adverse.parquet,"{'xyz:GOOGL': 2.19, 'xyz:META': -1.06, 'xyz:MU': -0.41, 'xyz:NVDA': -2.76, 'xyz:SNDK': -1.32}",1.0,
stocks,F1b,"F1b:ma_trend(atr_mult=2.0, fast=10, filter=True, slow=40, tf=1h)",adverse,4.5,2.0,13,13.0,-0.388770030842317,-0.0299053869878705,0.8160518365975173,0.4615384615384615,12,12.0,0.259460452783676,0.0216217043986396,0.0216217043986396,1.2367514118024974,0.5833333333333334,"[-0.12115902048473406, 0.18977594236799367]",0.418,-0.4572471501137054,-0.4572471501137054,1,3,3.0,-0.1567337927720668,0.4161942455557428,4.0,8.0,0.3368873258607929,0.5890076667710143,179.1813051152778,99.87069042194138,99.87069042194138,False,,0.0290299499131145,1.7759105921818872,F1b_ma_trend_29923525_adverse.parquet,"{'xyz:GOOGL': 0.52, 'xyz:META': 0.11, 'xyz:MU': -0.63, 'xyz:NVDA': 0.26}",3.0,
stocks,F1b,"F1b:ma_trend(atr_mult=2.0, fast=20, filter=True, slow=80, tf=1h)",adverse,4.6,0.0,3,3.0,0.1581690252687186,0.0527230084229062,1.722499784384365,0.6666666666666666,3,3.0,-0.3891684822662848,-0.1297228274220949,-0.1297228274220949,0.0504649651633123,0.3333333333333333,,,-0.4098516305227417,-0.4098516305227417,1,3,3.0,0.0206831482564569,-0.4098516305227417,1.0,2.0,3.934295911413545,0.4098516305227417,79.65485235555555,99.76900054300242,99.76900054300242,False,,0.0043953797403659,0.6287707619706424,F1b_ma_trend_27423441_adverse.parquet,"{'xyz:GOOGL': 0.02, 'xyz:MU': -0.41}",1.0,
stocks,F1b,"F1b:ma_trend(atr_mult=2.0, fast=10, filter=True, slow=40, tf=15m)",standard_fee,3.9,1.0,36,35.0,16.2855588098141,0.4523766336059471,2.7654029126170694,0.5277777777777778,25,24.0,-2.766518970139789,-0.1106607588055915,-0.1106607588055915,0.5530406221864954,0.44,"[-0.30752101296991646, 0.07567964467414538]",0.874,-3.533076662589862,-3.533076662589862,1,3,3.0,-1.2284656898605937,-1.538053280279196,12.0,13.0,0.9846194289029292,3.3949495689901816,289.24587295733335,113.30997456227855,113.30997456227855,False,,0.1169375447204334,3.3954836594389377,F1b_ma_trend_99250138_standard_fee.parquet,"{'xyz:GOOGL': 0.85, 'xyz:META': -1.22, 'xyz:MU': 1.16, 'xyz:NVDA': -2.13, 'xyz:SNDK': -1.42}",2.0,
stocks,F1b,"F1b:ma_trend(atr_mult=2.0, fast=20, filter=True, slow=80, tf=15m)",standard_fee,4.0,2.0,23,22.0,-2.379783417872324,-0.1034688442553184,0.7136196462522956,0.4782608695652174,18,18.0,-4.706646011951849,-0.2614803339973249,-0.2614803339973249,0.4012663262891256,0.2777777777777778,"[-0.6196158314279926, 0.0920681790697567]",0.93,-6.354525888474747,-6.354525888474747,0,3,3.0,-2.776049901974914,-1.9305961099769364,6.0,12.0,0.9225391623222964,5.360391851384518,209.0974392287037,92.91357057017586,92.91357057017586,False,,0.0604109168966574,8.045372072629775,F1b_ma_trend_2918084_standard_fee.parquet,"{'xyz:GOOGL': 1.4, 'xyz:META': -1.25, 'xyz:MU': -0.47, 'xyz:NVDA': -2.95, 'xyz:SNDK': -1.44}",1.0,
stocks,F1b,"F1b:ma_trend(atr_mult=2.0, fast=10, filter=True, slow=40, tf=1h)",standard_fee,4.6,3.0,13,13.0,-0.8391901743302734,-0.0645530903330979,0.6399082597254827,0.3846153846153846,11,11.0,-0.4423449325606546,-0.0402131756873322,-0.0402131756873322,0.6573097418963615,0.5454545454545454,"[-0.19352169397331676, 0.13741538313435583]",0.686,-1.0549157451394624,-1.0549157451394624,1,3,3.0,-0.3487580049073834,-0.0935869276532714,3.0,8.0,1.2661067978547171,0.8114873800541218,184.571615139394,98.71846489310909,98.71846489310909,False,,0.0282122048451395,2.1648084151065348,F1b_ma_trend_29923525_standard_fee.parquet,"{'xyz:GOOGL': 0.09, 'xyz:META': 0.05, 'xyz:MU': -0.7, 'xyz:NVDA': 0.12}",3.0,
stocks,F1b,"F1b:ma_trend(atr_mult=2.0, fast=20, filter=True, slow=80, tf=1h)",standard_fee,4.4,0.0,3,3.0,0.0517770005014238,0.0172590001671412,1.2208236754039663,0.6666666666666666,3,3.0,-0.5166074569057122,-0.1722024856352374,-0.1722024856352374,0.0,0.0,,,-0.4626156408716671,-0.4626156408716671,0,3,3.0,-0.053991816034045,-0.4626156408716672,1.0,2.0,,0.5166074569057122,79.65485235555555,99.53516954359571,99.53516954359571,False,,0.0043953797403659,0.7510796003781195,F1b_ma_trend_27423441_standard_fee.parquet,"{'xyz:GOOGL': -0.05, 'xyz:MU': -0.46}",0.0,
stocks,F4,"F4:channel_bo(atr_mult=1.5, n=12, tf=15m)",base+prox0.5,4.2,18.0,88,41.0,-22.26073471478356,-0.2529628944861768,0.5643066759611144,0.3636363636363636,47,27.0,4.597865966377885,0.0978269354548486,0.0978269354548486,1.2389545479393032,0.3617021276595745,"[-0.3308852849044009, 0.7236006057369243]",0.388,-3.545159926620803,-3.545159926620803,1,3,3.0,8.253213020470916,-3.65534705409303,26.0,21.0,0.1018304215503213,11.942079282290592,184.05049045567367,90.96597491896496,82.60592475019855,True,2026-06-19 16:37:32.574765+00:00,0.1532249821118266,14.155589771508645,F4_channel_bo_37269391_base+prox0.5.parquet,"{'xyz:GOOGL': 4.45, 'xyz:META': 0.61, 'xyz:MU': -2.19, 'xyz:NVDA': -2.94, 'xyz:SNDK': 4.68}",3.0,
stocks,F4,"F4:channel_bo(atr_mult=1.5, n=24, tf=15m)",base+prox0.5,4.1,18.0,73,41.0,-14.345009054613858,-0.1965069733508747,0.6507616072694455,0.3972602739726027,42,27.0,-1.542774865870235,-0.0367327349016722,-0.0367327349016722,0.9093918151608468,0.4047619047619047,"[-0.35104908590105677, 0.4172131889768323]",0.617,-7.464938836801413,-7.464938836801413,1,3,3.0,0.0110404839933191,-1.553815349863553,23.0,19.0,0.150110285826885,9.299613630136792,213.80403083412705,95.38740607156244,84.96200758516602,True,2026-06-26 14:07:26.333440+00:00,0.1551671266482674,10.300617084150986,F4_channel_bo_64914212_base+prox0.5.parquet,"{'xyz:GOOGL': 3.25, 'xyz:META': -0.39, 'xyz:MU': -1.66, 'xyz:NVDA': -2.03, 'xyz:SNDK': -0.71}",1.0,
stocks,F4,"F4:channel_bo(atr_mult=1.5, n=12, tf=1h)",base+prox0.5,4.6,3.0,48,41.0,3.068883981774092,0.0639350829536269,1.2239904866282738,0.4375,29,26.0,-3.459471961513612,-0.1192921366039176,-0.1192921366039176,0.5795311608472288,0.4482758620689655,"[-0.31570777938663785, 0.1270997783089997]",0.839,-5.100064969928605,-5.100064969928605,0,3,3.0,0.0674095593065197,-3.5268815208201323,12.0,17.0,0.1463227711994314,3.720590755371218,276.34716802471263,99.44753119721764,99.44753119721764,False,,0.1329857916794439,3.7205907553712336,F4_channel_bo_60575324_base+prox0.5.parquet,"{'xyz:GOOGL': -1.27, 'xyz:MU': -0.44, 'xyz:NVDA': -2.61, 'xyz:SNDK': 0.86}",1.0,
stocks,F4,"F4:channel_bo(atr_mult=1.5, n=24, tf=1h)",base+prox0.5,4.6,2.0,45,41.0,3.211300331412393,0.071362229586942,1.23128267530699,0.5333333333333333,25,23.0,0.936240674010228,0.0374496269604091,0.0374496269604091,1.1489277411705154,0.52,"[-0.23023662771646156, 0.33595613917207373]",0.418,-0.7102235059299309,-0.7102235059299309,2,3,3.0,4.545166740899512,-3.608926066889284,12.0,13.0,0.087235117795637,2.632716977045505,277.68872234199995,103.90748142891508,103.90748142891508,False,,0.1233772871307369,3.238465055768131,F4_channel_bo_28925843_base+prox0.5.parquet,"{'xyz:GOOGL': 1.35, 'xyz:MU': -0.99, 'xyz:NVDA': -0.69, 'xyz:SNDK': 1.27}",2.0,
stocks,F4,"F4:channel_bo(atr_mult=1.5, n=12, tf=15m)",base+prox0.75,4.1,18.0,97,42.0,-32.057477047419326,-0.3304894540971064,0.4659513963643626,0.3298969072164948,54,27.0,-13.695921674486693,-0.2536281791571609,-0.2536281791571609,0.4462704725694164,0.2777777777777778,"[-0.48456135440114195, 0.024244570628353904]",0.969,-16.43712803592862,-16.43712803592862,0,3,3.0,-7.514247468961611,-6.18167420552508,29.0,25.0,0.2350710805073786,15.370726748354327,152.39953970030862,94.30602513796072,54.10937967990427,True,2026-06-10 15:07:44.230450+00:00,0.1513850557088827,10.755647802316304,F4_channel_bo_37269391_base+prox0.75.parquet,"{'xyz:GOOGL': -0.77, 'xyz:META': -0.53, 'xyz:MU': -1.92, 'xyz:NVDA': -4.32, 'xyz:SNDK': -6.15}",0.0,
stocks,F4,"F4:channel_bo(atr_mult=1.5, n=24, tf=15m)",base+prox0.75,4.3,19.0,80,41.0,-21.445059395953784,-0.2680632424494223,0.5465304606067457,0.3625,48,27.0,-12.164575409991844,-0.2534286543748301,-0.2534286543748301,0.4685462760651092,0.3125,"[-0.45735487038303696, 0.013852274792042254]",0.968,-14.641986025187864,-14.641986025187864,0,3,3.0,-7.415536262599837,-4.749039147392006,26.0,22.0,0.2485845340805839,14.366616029629595,180.3156829798611,94.81654061810508,67.24015669970451,True,2026-06-10 15:07:44.230450+00:00,0.1530205458448328,10.871482537608344,F4_channel_bo_64914212_base+prox0.75.parquet,"{'xyz:GOOGL': -1.38, 'xyz:META': -1.73, 'xyz:MU': -1.5, 'xyz:NVDA': -4.53, 'xyz:SNDK': -3.02}",0.0,
stocks,F4,"F4:channel_bo(atr_mult=1.5, n=12, tf=1h)",base+prox0.75,4.5,3.0,49,41.0,2.6970701048470183,0.0550422470376942,1.1916516772724317,0.4285714285714285,29,26.0,-3.459471961513612,-0.1192921366039176,-0.1192921366039176,0.5795311608472288,0.4482758620689655,"[-0.31570777938663785, 0.1270997783089997]",0.839,-5.100064969928605,-5.100064969928605,0,3,3.0,0.0674095593065197,-3.5268815208201323,12.0,17.0,0.1463227711994314,3.720590755371218,276.34716802471263,99.07571732029056,99.07571732029056,False,,0.1325769191454564,3.7205907553712336,F4_channel_bo_60575324_base+prox0.75.parquet,"{'xyz:GOOGL': -1.27, 'xyz:MU': -0.44, 'xyz:NVDA': -2.61, 'xyz:SNDK': 0.86}",1.0,
stocks,F4,"F4:channel_bo(atr_mult=1.5, n=24, tf=1h)",base+prox0.75,4.5,2.0,46,41.0,3.131128367500636,0.0680680079891442,1.2242139351226635,0.5217391304347826,25,23.0,0.936240674010228,0.0374496269604091,0.0374496269604091,1.1489277411705154,0.52,"[-0.23023662771646156, 0.33595613917207373]",0.418,-0.7102235059299309,-0.7102235059299309,2,3,3.0,4.545166740899512,-3.608926066889284,12.0,13.0,0.087235117795637,2.632716977045505,277.68872234199995,103.82730946500334,103.82730946500334,False,,0.1228661964632525,3.238465055768131,F4_channel_bo_28925843_base+prox0.75.parquet,"{'xyz:GOOGL': 1.35, 'xyz:MU': -0.99, 'xyz:NVDA': -0.69, 'xyz:SNDK': 1.27}",2.0,
stocks,F4,"F4:channel_bo(atr_mult=1.5, n=12, tf=15m)",base,4.0,18.0,65,41.0,19.98651002973222,0.307484769688188,1.5582815049167358,0.5230769230769231,37,26.0,16.314474505069793,0.4409317433802647,0.4409317433802647,2.0554757442136813,0.5945945945945946,"[-0.1357297754310533, 1.2453705800334416]",0.076,8.171448612071105,8.171448612071105,2,3,3.0,17.242930690665037,-0.9284561855952458,22.0,15.0,0.0566020869660162,6.647141234913548,246.4116906653153,136.67503328408108,136.67503328408108,False,,0.1562915261167331,9.872902692646022,F4_channel_bo_18908481_base.parquet,"{'xyz:GOOGL': 8.54, 'xyz:META': 1.53, 'xyz:MU': -3.03, 'xyz:NVDA': -2.8, 'xyz:SNDK': 12.08}",3.0,
stocks,F4,"F4:channel_bo(atr_mult=1.5, n=24, tf=15m)",base,3.9,18.0,56,41.0,12.962209739023647,0.2314680310539937,1.4142675014908814,0.5178571428571429,36,26.0,4.366196690101738,0.1212832413917149,0.1212832413917149,1.297037158469196,0.5555555555555556,"[-0.24245802401931707, 0.6108302788765402]",0.305,-1.5559672808294405,-1.5559672808294405,2,3,3.0,3.2897008336749445,1.0764958564267928,22.0,14.0,0.1162626590307142,6.132107319833083,251.75213392546297,105.73039101394446,118.17819793477553,True,2026-06-26 15:14:54.044421+00:00,0.1567003986507206,10.481492365779474,F4_channel_bo_77156677_base.parquet,"{'xyz:GOOGL': 6.31, 'xyz:META': -0.85, 'xyz:MU': -3.1, 'xyz:NVDA': -2.6, 'xyz:SNDK': 4.61}",2.0,
stocks,F4,"F4:channel_bo(atr_mult=1.5, n=12, tf=1h)",base,4.6,4.0,46,41.0,1.993267900516575,0.0433319108807951,1.149567297914315,0.4347826086956521,28,26.0,-0.8809046064561881,-0.0314608788020067,-0.0314608788020067,0.8545181752617732,0.5,"[-0.22652719679264288, 0.2026328285883176]",0.591,-2.5214976148711807,-2.5214976148711807,1,3,3.0,1.4738227578085117,-2.3547273642647,12.0,16.0,0.1152187505249774,2.1463793193976617,288.8917330529762,100.95048247101754,100.95048247101754,False,,0.1340079730144127,3.754116737864635,F4_channel_bo_47407902_base.parquet,"{'xyz:GOOGL': -1.04, 'xyz:MU': -0.44, 'xyz:NVDA': -0.25, 'xyz:SNDK': 0.86}",1.0,
stocks,F4,"F4:channel_bo(atr_mult=1.5, n=24, tf=1h)",base,4.6,2.0,45,41.0,1.9227390431251523,0.04272753429167,1.1302214401847357,0.5333333333333333,24,23.0,2.508225918828812,0.1045094132845338,0.1045094132845338,1.5320172026474943,0.5416666666666666,"[-0.16398823679527802, 0.3891897514278169]",0.247,0.8617617388886527,0.8617617388886527,3,3,3.0,4.545166740899512,-2.0369408220707004,12.0,12.0,0.0811354320658331,2.009719771924748,291.74878277777776,104.19090538544646,104.19090538544646,False,,0.1239905959317182,3.469797885256241,F4_channel_bo_42345932_base.parquet,"{'xyz:GOOGL': 1.79, 'xyz:MU': -0.8, 'xyz:NVDA': 0.26, 'xyz:SNDK': 1.27}",3.0,
stocks,F4,"F4:channel_bo(atr_mult=1.5, n=12, tf=15m)",adverse,4.1,18.0,65,41.0,17.702905550862138,0.2723523930901867,1.4942767065696576,0.5230769230769231,37,26.0,14.7291491724464,0.3980851127688216,0.3980851127688216,1.984309159176576,0.5945945945945946,"[-0.14925531083169075, 1.1762282092520329]",0.087,7.0232276411522,7.0232276411522,2,3,3.0,15.730667932105815,-1.001518759659418,22.0,15.0,0.1001787467951678,6.472419752733224,246.4116906653153,108.23506415544564,132.73754588184784,True,2026-06-29 16:52:27.017871+00:00,0.1562915261167331,10.385209713993362,F4_channel_bo_18908481_adverse.parquet,"{'xyz:GOOGL': 7.75, 'xyz:META': 1.37, 'xyz:MU': -2.83, 'xyz:NVDA': -2.76, 'xyz:SNDK': 11.2}",3.0,
stocks,F4,"F4:channel_bo(atr_mult=1.5, n=24, tf=15m)",adverse,3.9,18.0,56,41.0,11.32291822751648,0.2021949683485085,1.3622633742651664,0.5178571428571429,36,26.0,2.9087691888595835,0.0807991441349884,0.0807991441349884,1.197764444252446,0.5555555555555556,"[-0.25648011189134706, 0.5342752789422063]",0.366,-2.4299311956597025,-2.4299311956597025,2,3,3.0,2.2206828940196024,0.6880862948399824,22.0,14.0,0.2089264659048419,6.464434122105192,251.75213392546297,104.79111465821292,115.0028914237396,True,2026-06-26 15:14:54.044421+00:00,0.1567003986507206,10.913012150087198,F4_channel_bo_77156677_adverse.parquet,"{'xyz:GOOGL': 5.39, 'xyz:META': -1.13, 'xyz:MU': -2.89, 'xyz:NVDA': -2.81, 'xyz:SNDK': 4.35}",2.0,
stocks,F4,"F4:channel_bo(atr_mult=1.5, n=12, tf=1h)",adverse,4.4,4.0,46,41.0,1.3789950773870556,0.0299781538562403,1.1027486156103108,0.4347826086956521,28,26.0,-1.027010181556222,-0.0366789350555793,-0.0366789350555793,0.8285638950735297,0.5,"[-0.2263686749992115, 0.19267594111278327]",0.616,-2.6617468871858048,-2.6617468871858048,1,3,3.0,1.3880193843440134,-2.415029565900236,12.0,16.0,0.1919382387092742,2.193624104976552,288.8917330529762,100.18574865342671,100.18574865342671,False,,0.1340079730144127,4.00776115343534,F4_channel_bo_47407902_adverse.parquet,"{'xyz:GOOGL': -1.07, 'xyz:MU': -0.49, 'xyz:NVDA': -0.4, 'xyz:SNDK': 0.93}",1.0,
stocks,F4,"F4:channel_bo(atr_mult=1.5, n=24, tf=1h)",adverse,4.5,2.0,45,41.0,1.365995427973633,0.0303554539549696,1.0926308544737708,0.5333333333333333,24,23.0,2.1047518224761426,0.0876979926031726,0.0876979926031726,1.4518855138130458,0.5416666666666666,"[-0.1685823804617194, 0.3553780423797284]",0.267,0.4700151168465596,0.4700151168465596,2,3,3.0,4.2098788958510855,-2.105127073374942,12.0,12.0,0.1351719784522317,2.0799071593704133,291.74878277777776,103.22371560022344,103.22371560022344,False,,0.1239905959317182,3.518566800864619,F4_channel_bo_42345932_adverse.parquet,"{'xyz:GOOGL': 1.39, 'xyz:MU': -0.83, 'xyz:NVDA': 0.23, 'xyz:SNDK': 1.32}",3.0,
stocks,F4,"F4:channel_bo(atr_mult=1.5, n=12, tf=15m)",standard_fee,3.8,18.0,65,41.0,13.164310838573162,0.2025278590549717,1.3748944329219586,0.5230769230769231,37,26.0,10.760778784674727,0.2908318590452629,0.2908318590452629,1.741681228867896,0.5675675675675675,"[-0.20866832808782498, 1.0006900140204187]",0.158,3.888528322765677,3.888528322765677,2,3,3.0,12.353517025348632,-1.5927382406739017,22.0,15.0,0.2354886492769727,6.691401558566174,246.4116906653153,106.69018126864184,124.12482702219044,True,2026-06-26 18:37:27.635158+00:00,0.1562915261167331,10.34650118151876,F4_channel_bo_18908481_standard_fee.parquet,"{'xyz:GOOGL': 6.39, 'xyz:META': 0.8, 'xyz:MU': -2.68, 'xyz:NVDA': -2.73, 'xyz:SNDK': 8.99}",3.0,
stocks,F4,"F4:channel_bo(atr_mult=1.5, n=24, tf=15m)",standard_fee,3.9,18.0,56,41.0,7.180396662679067,0.1282213689764119,1.2331050067532587,0.5178571428571429,36,26.0,-0.5615786061257103,-0.0155994057257141,-0.0155994057257141,0.9631024633509172,0.5,"[-0.32675891638218196, 0.39256528982685723]",0.559,-5.07809086067043,-5.07809086067043,2,3,3.0,-0.3418143629611515,-0.2197642431645579,22.0,14.0,0.4865565174393296,7.566532067754659,251.75213392546297,103.87484510595009,107.22087671628798,True,2026-06-26 14:07:26.333440+00:00,0.1567003986507206,10.34016816175476,F4_channel_bo_77156677_standard_fee.parquet,"{'xyz:GOOGL': 3.56, 'xyz:META': -1.69, 'xyz:MU': -2.71, 'xyz:NVDA': -3.39, 'xyz:SNDK': 3.67}",2.0,
stocks,F4,"F4:channel_bo(atr_mult=1.5, n=12, tf=1h)",standard_fee,4.5,4.0,46,41.0,-0.7797124147626788,-0.0169502698861451,0.9447479069007072,0.4130434782608695,28,26.0,-2.240972095640116,-0.0800347177014327,-0.0800347177014327,0.654081286568704,0.4642857142857143,"[-0.26944925534206804, 0.1517148348675208]",0.766,-3.8458989564864186,-3.8458989564864186,1,3,3.0,0.806913811607659,-3.047885907247774,12.0,16.0,0.5151616926098944,2.972965173506214,288.8917330529762,96.79090917480244,96.79090917480244,False,,0.1340079730144127,5.175109970753027,F4_channel_bo_47407902_standard_fee.parquet,"{'xyz:GOOGL': -1.27, 'xyz:MU': -0.64, 'xyz:NVDA': -0.8, 'xyz:SNDK': 0.46}",1.0,
stocks,F4,"F4:channel_bo(atr_mult=1.5, n=24, tf=1h)",standard_fee,4.3,2.0,45,41.0,-0.7020193931590675,-0.0156004309590903,0.9534906087888269,0.5111111111111111,24,23.0,0.5818366549422995,0.0242431939559291,0.0242431939559291,1.113735280319392,0.5,"[-0.2186337901448974, 0.27499391043099153]",0.437,-1.023090205904003,-1.023090205904003,2,3,3.0,3.3023714072857207,-2.720534752343421,12.0,12.0,0.3827548279322939,2.596384280603674,291.74878277777776,99.6087672356994,99.6087672356994,False,,0.1239905959317182,4.247308560410104,F4_channel_bo_42345932_standard_fee.parquet,"{'xyz:GOOGL': 0.38, 'xyz:MU': -0.9, 'xyz:NVDA': 0.12, 'xyz:SNDK': 0.98}",3.0,
stocks,R,"R:channel_bo(atr_mult=1.5, n=8, tf=15m)",base,3.9,,76,,19.87059059741293,,1.4887984984890148,,47,,14.686020592497725,0.3124685232446324,,1.7959346286978166,0.4468085106382978,,,,,2,3,,,,,,,,,,,,,,,,,,False
stocks,R,"R:channel_bo(atr_mult=1.5, n=16, tf=15m)",base,3.8,,59,,13.673690643617867,,1.3852999655910951,,35,,3.437238432972889,0.0982068123706539,,1.2164533701109432,0.5714285714285714,,,,,2,3,,,,,,,,,,,,,,,,,,False
stocks,R,"R:channel_bo(atr_mult=1.0, n=12, tf=15m)",base,3.8,,79,,-5.174085296642351,,0.906966581119451,,39,,22.19067297556083,0.56899161475797,,2.452630930513631,0.5128205128205128,,,,,2,3,,,,,,,,,,,,,,,,,,False
stocks,R,"R:channel_bo(atr_mult=2.0, n=12, tf=15m)",base,3.7,,66,,10.984478333327596,,1.334172245199513,,38,,1.5272152209798606,0.0401898742363121,,1.1089501231661665,0.5263157894736842,,,,,2,3,,,,,,,,,,,,,,,,,,False
stocks,A,"A:agent_rule_consensus(max_hold_bars=32, require_trend_tf=True, rsi_hi=70, rsi_lo=30, score_threshold=2, sl_atr=2.0, tf_trend=1h, tp_atr=4.0)",base,5.4,17.0,77,41.0,-8.390056256109855,-0.10896176955986824,0.7913814939005492,0.4805194805194805,43,26.0,-0.5942441880102023,-0.01381963227930703,-0.01381963227930703,0.9560401906921691,0.5348837209302325,"[-0.23382886551875615, 0.2168270282706907]",0.564,-1.946664629071714,-2.721978043626353,1,3,3.0,0.35764004861653925,-0.9518842366267415,25.0,18.0,0.14200523041197682,4.906814379878841,205.96404723643408,91.46055738506367,91.33673805998015,True,2026-06-19 16:37:32.574765+00:00,0.1524072370438516,12.908997750807444,A_agent_rule_consensus_58704276_base.parquet,"{'xyz:GOOGL': 0.73, 'xyz:META': -1.71, 'xyz:MU': -2.54, 'xyz:NVDA': 2.83, 'xyz:SNDK': 0.09}",3.0,
stocks,A,"A:agent_rule_consensus(max_hold_bars=32, require_trend_tf=True, rsi_hi=70, rsi_lo=30, score_threshold=2, sl_atr=2.0, tf_trend=15m, tp_atr=4.0)",base,4.4,18.0,75,41.0,-10.39140545011,-0.13855207266813332,0.7433478639819645,0.48,43,26.0,-3.733589003888823,-0.08682765125322844,-0.08682765125322844,0.7752705946216791,0.5116279069767442,"[-0.32463467689147163, 0.1406997506207035]",0.773,-5.663119051944466,-6.129557974449566,1,3,3.0,-0.8193407156881518,-2.9142482882006715,25.0,18.0,0.16478610732932406,6.526587808453831,203.4761326492248,89.55459555744203,86.19604405010145,True,2026-06-12 14:07:36.162706+00:00,0.15087396504139836,11.411757819671251,A_agent_rule_consensus_75944015_base.parquet,"{'xyz:GOOGL': 2.63, 'xyz:META': -2.92, 'xyz:MU': -4.05, 'xyz:NVDA': 2.42, 'xyz:SNDK': -1.81}",2.0,
stocks,A,"A:agent_rule_consensus(max_hold_bars=32, require_trend_tf=True, rsi_hi=70, rsi_lo=30, score_threshold=2, sl_atr=1.5, tf_trend=1h, tp_atr=3.0)",base,5.3,25.0,90,41.0,-16.767838255347616,-0.18630931394830685,0.6979182320787015,0.4222222222222222,47,26.0,-5.6710879088226225,-0.12066144486856643,-0.12066144486856643,0.6972198774715915,0.425531914893617,"[-0.3143815750990322, 0.09767768568691046]",0.871,-7.610456535493755,-7.80409918694909,1,3,3.0,-0.4302173591988623,-5.240870549623759,24.0,23.0,0.16964586971898546,10.205247429379597,183.79351782482271,92.80037756836167,78.08640956981208,True,2026-06-09 14:11:07.623353+00:00,0.14985178370642951,10.08761699529407,A_agent_rule_consensus_58016675_base.parquet,"{'xyz:GOOGL': -0.06, 'xyz:META': -3.91, 'xyz:MU': -3.15, 'xyz:NVDA': 1.1, 'xyz:SNDK': 0.34}",2.0,
stocks,A,"A:agent_rule_consensus(max_hold_bars=32, require_trend_tf=True, rsi_hi=70, rsi_lo=30, score_threshold=2, sl_atr=1.5, tf_trend=15m, tp_atr=3.0)",base,4.4,26.0,87,41.0,-13.032538278105836,-0.14979929055294064,0.7461524516693759,0.41379310344827586,46,26.0,-8.683331647159013,-0.1887680792860655,-0.1887680792860655,0.6092416797613294,0.391304347826087,"[-0.43847020134364306, 0.06848583534946226]",0.918,-10.837291546490853,-11.030934197946188,0,3,3.0,-4.6482844003956645,-4.03504724676335,25.0,21.0,0.18741533259223112,10.365129659836796,186.8931317307971,90.02045954497015,78.80946580871742,True,2026-06-09 14:52:49.413104+00:00,0.1487273842379638,11.171534526890781,A_agent_rule_consensus_28961872_base.parquet,"{'xyz:GOOGL': 1.95, 'xyz:META': -6.12, 'xyz:MU': -5.92, 'xyz:NVDA': 0.92, 'xyz:SNDK': 0.5}",3.0,
stocks,A,"A:agent_rule_consensus(max_hold_bars=32, require_trend_tf=True, rsi_hi=70, rsi_lo=30, score_threshold=3, sl_atr=2.0, tf_trend=1h, tp_atr=4.0)",base,5.4,7.0,57,40.0,-6.081351207239123,-0.10669037205682673,0.7874368002258867,0.49122807017543857,34,25.0,4.880222732983349,0.1435359627348044,0.1435359627348044,1.5853835530817662,0.5294117647058824,"[-0.07743252756022091, 0.41809922328589916]",0.115,2.404137694544264,2.518112672077975,2,3,3.0,7.9400665833817055,-3.0598438503983583,20.0,14.0,0.1300665527317077,3.6054440539476795,231.39151089362744,91.74443617731603,98.62149052888326,True,2026-07-02 15:52:31.365955+00:00,0.13063477460901565,10.377583357189962,A_agent_rule_consensus_31941295_base.parquet,"{'xyz:GOOGL': 3.68, 'xyz:META': -1.53, 'xyz:MU': 0.26, 'xyz:NVDA': 3.04, 'xyz:SNDK': -0.57}",3.0,
stocks,A,"A:agent_rule_consensus(max_hold_bars=32, require_trend_tf=True, rsi_hi=70, rsi_lo=30, score_threshold=3, sl_atr=2.0, tf_trend=15m, tp_atr=4.0)",base,4.3,10.0,66,41.0,-13.772279618128644,-0.20867090330497945,0.6169090053854045,0.3787878787878788,39,26.0,4.942046494766918,0.12671914089145941,0.12671914089145941,1.4468699466829307,0.5641025641025641,"[-0.09275244264868776, 0.3770996569569766]",0.146,2.6647396618569728,2.778714639390684,2,3,3.0,4.527067142520317,0.4149793522465999,23.0,16.0,0.1162502304959624,2.9702142141061563,218.28858766239313,90.75161023364475,90.9923858797773,True,2026-06-11 14:52:36.763841+00:00,0.1441275682306041,10.70837320087061,A_agent_rule_consensus_3263002_base.parquet,"{'xyz:GOOGL': 5.02, 'xyz:META': -0.51, 'xyz:MU': -1.67, 'xyz:NVDA': 2.62, 'xyz:SNDK': -0.52}",2.0,
stocks,A,"A:agent_rule_consensus(max_hold_bars=32, require_trend_tf=True, rsi_hi=70, rsi_lo=30, score_threshold=3, sl_atr=1.5, tf_trend=1h, tp_atr=3.0)",base,5.3,13.0,64,40.0,-0.5954031006944636,-0.009303173448350993,0.9828132411481766,0.515625,38,25.0,1.674764154850696,0.04407274091712358,0.04407274091712358,1.1166881612503492,0.5263157894736842,"[-0.19632859089909915, 0.28872272159347334]",0.332,-0.4115981046168744,-0.2487767081401442,2,3,3.0,5.827864569257031,-4.153100414406334,22.0,16.0,0.15452156001998188,4.032489220010997,192.91788317456138,91.14472002536851,100.86166619437233,True,2026-06-26 18:07:29.078379+00:00,0.12644383113564348,10.730932251971765,A_agent_rule_consensus_40745193_base.parquet,"{'xyz:GOOGL': 4.51, 'xyz:META': -1.84, 'xyz:MU': 0.51, 'xyz:NVDA': -0.83, 'xyz:SNDK': -0.67}",2.0,
stocks,A,"A:agent_rule_consensus(max_hold_bars=32, require_trend_tf=True, rsi_hi=70, rsi_lo=30, score_threshold=3, sl_atr=1.5, tf_trend=15m, tp_atr=3.0)",base,4.5,17.0,69,41.0,-6.965024170172451,-0.10094237927786161,0.8222858373215326,0.463768115942029,44,26.0,2.3147100059991765,0.052607045590890376,0.052607045590890376,1.1499027814399458,0.5,"[-0.16267538940415285, 0.3178736804519624]",0.327,0.3498497083974379,0.4265772479101748,1,3,3.0,3.682427161295766,-1.3677171552965899,24.0,20.0,0.14320323843164362,3.611960723242415,188.4672906810606,92.11121617225892,95.13199097604277,True,2026-06-09 19:29:29.751676+00:00,0.14116324235919453,10.373531067455602,A_agent_rule_consensus_6313921_base.parquet,"{'xyz:GOOGL': 2.3, 'xyz:META': -1.21, 'xyz:MU': 1.37, 'xyz:NVDA': -1.14, 'xyz:SNDK': 1.0}",3.0,
stocks,A,"A:agent_rule_consensus(max_hold_bars=32, require_trend_tf=True, rsi_hi=70, rsi_lo=30, score_threshold=2, sl_atr=2.0, tf_trend=1h, tp_atr=4.0)",adverse,5.0,17.0,77,41.0,-10.168444594508095,-0.13205772200659863,0.7479249007719247,0.44155844155844154,43,26.0,-1.715444304543283,-0.03989405359402984,-0.03989405359402984,0.8746039605544762,0.5348837209302325,"[-0.25429289248554726, 0.17916151252906873]",0.644,-3.059634209881275,-3.703546352732583,1,3,3.0,-0.31660063662670707,-1.3988436679165765,25.0,18.0,0.24903471953594475,5.291783346834466,205.96404723643408,90.87926991515359,88.41137104484045,True,2026-06-19 16:37:32.574765+00:00,0.1524072370438516,13.033203374249794,A_agent_rule_consensus_58704276_adverse.parquet,"{'xyz:GOOGL': 0.45, 'xyz:META': -1.98, 'xyz:MU': -2.67, 'xyz:NVDA': 2.45, 'xyz:SNDK': 0.04}",3.0,
stocks,A,"A:agent_rule_consensus(max_hold_bars=32, require_trend_tf=True, rsi_hi=70, rsi_lo=30, score_threshold=2, sl_atr=2.0, tf_trend=15m, tp_atr=4.0)",adverse,4.4,18.0,75,41.0,-12.179868914669333,-0.16239825219559112,0.6989586195433263,0.48,43,26.0,-5.230261462300028,-0.1216339874953495,-0.1216339874953495,0.6908345615708607,0.5116279069767442,"[-0.3545441080408977, 0.1027974415144297]",0.847,-7.002505410433235,-7.479506456176146,0,3,3.0,-1.688981056394213,-3.541280405905816,25.0,18.0,0.3027226203468312,7.811761801038707,203.4761326492248,89.21071816158106,82.88512956692242,True,2026-06-12 14:07:36.162706+00:00,0.15087396504139836,11.702325949593913,A_agent_rule_consensus_75944015_adverse.parquet,"{'xyz:GOOGL': 2.15, 'xyz:META': -3.37, 'xyz:MU': -4.11, 'xyz:NVDA': 1.96, 'xyz:SNDK': -1.86}",2.0,
stocks,A,"A:agent_rule_consensus(max_hold_bars=32, require_trend_tf=True, rsi_hi=70, rsi_lo=30, score_threshold=2, sl_atr=1.5, tf_trend=1h, tp_atr=3.0)",adverse,5.2,25.0,90,41.0,-18.863011614352736,-0.20958901793725263,0.6619069780621109,0.4111111111111111,47,26.0,-6.806085149258459,-0.14481032232464808,-0.14481032232464808,0.6422699195400595,0.425531914893617,"[-0.3323233571779948, 0.06646735210429416]",0.911,-8.726356442598448,-8.814216579327185,1,3,3.0,-1.1129892753012576,-5.693095873957203,24.0,23.0,0.3016514020720135,10.246187638847749,183.79351782482271,92.13443058796808,74.80443333508319,True,2026-06-09 14:11:07.623353+00:00,0.14985178370642951,10.338303645398554,A_agent_rule_consensus_58016675_adverse.parquet,"{'xyz:GOOGL': -0.33, 'xyz:META': -4.23, 'xyz:MU': -3.27, 'xyz:NVDA': 0.88, 'xyz:SNDK': 0.14}",2.0,
stocks,A,"A:agent_rule_consensus(max_hold_bars=32, require_trend_tf=True, rsi_hi=70, rsi_lo=30, score_threshold=2, sl_atr=1.5, tf_trend=15m, tp_atr=3.0)",adverse,4.5,26.0,87,41.0,-15.324576832936998,-0.17614456129812642,0.7045074869397957,0.41379310344827586,46,26.0,-9.948347857843196,-0.21626843169224338,-0.21626843169224338,0.5580938890034824,0.391304347826087,"[-0.45697298852087787, 0.03279316837979606]",0.952,-11.98292123351671,-12.162809578898068,0,3,3.0,-5.176280993735105,-4.772066864108088,25.0,21.0,0.3404907882459859,11.427310270700845,186.8931317307971,89.41836599283864,75.20060540791422,True,2026-06-09 14:52:49.413104+00:00,0.1487273842379638,11.588579513112052,A_agent_rule_consensus_28961872_adverse.parquet,"{'xyz:GOOGL': 1.4, 'xyz:META': -6.4, 'xyz:MU': -5.91, 'xyz:NVDA': 0.61, 'xyz:SNDK': 0.36}",3.0,
stocks,A,"A:agent_rule_consensus(max_hold_bars=32, require_trend_tf=True, rsi_hi=70, rsi_lo=30, score_threshold=3, sl_atr=2.0, tf_trend=1h, tp_atr=4.0)",adverse,5.3,7.0,57,40.0,-7.559189087501109,-0.13261735241230016,0.7372817999729073,0.49122807017543857,34,25.0,3.405170071263504,0.10015206091951483,0.10015206091951483,1.3930903298179373,0.5294117647058824,"[-0.11505087840742236, 0.36717487552421585]",0.195,1.0346303955738145,1.1527149015397895,1,3,3.0,6.826560189628436,-3.4213901183649322,20.0,14.0,0.2335035124457244,4.118014955391342,231.39151089362744,91.04939914826349,95.66270401512134,True,2026-07-02 15:52:31.365955+00:00,0.13063477460901565,10.640878551754994,A_agent_rule_consensus_31941295_adverse.parquet,"{'xyz:GOOGL': 3.31, 'xyz:META': -2.15, 'xyz:MU': 0.22, 'xyz:NVDA': 2.65, 'xyz:SNDK': -0.62}",3.0,
stocks,A,"A:agent_rule_consensus(max_hold_bars=32, require_trend_tf=True, rsi_hi=70, rsi_lo=30, score_threshold=3, sl_atr=2.0, tf_trend=15m, tp_atr=4.0)",adverse,4.4,10.0,66,41.0,-15.388861427599318,-0.23316456708483815,0.5745840205026129,0.3787878787878788,39,26.0,3.3942554783446717,0.08703219175242748,0.08703219175242748,1.3018733057976817,0.5641025641025641,"[-0.12565582177840226, 0.33355094537745367]",0.225,1.2174011047539621,1.335485610719937,2,3,3.0,3.474477952880819,-0.08022247453614784,23.0,16.0,0.2059831459723129,3.2819020085919584,218.28858766239313,90.52452630448695,87.82211708210431,True,2026-06-11 14:52:36.763841+00:00,0.1441275682306041,10.579491021279253,A_agent_rule_consensus_3263002_adverse.parquet,"{'xyz:GOOGL': 4.44, 'xyz:META': -0.87, 'xyz:MU': -1.76, 'xyz:NVDA': 2.15, 'xyz:SNDK': -0.56}",2.0,
stocks,A,"A:agent_rule_consensus(max_hold_bars=32, require_trend_tf=True, rsi_hi=70, rsi_lo=30, score_threshold=3, sl_atr=1.5, tf_trend=1h, tp_atr=3.0)",adverse,5.2,13.0,64,40.0,-2.7341283835893178,-0.04272075599358309,0.921881973703849,0.515625,38,25.0,-0.037182277808291087,-0.0009784809949550286,-0.0009784809949550286,0.9974232055045484,0.5263157894736842,"[-0.2289918706391914, 0.23699523898817695]",0.496,-2.0100376922048633,-1.8497801483938976,1,3,3.0,4.8125334586436965,-4.849715736451989,22.0,16.0,0.27709101537803654,4.435254448312045,192.91788317456138,91.00023438996276,97.01208928475383,True,2026-06-26 15:22:26.744561+00:00,0.12644383113564348,10.364486652715499,A_agent_rule_consensus_40745193_adverse.parquet,"{'xyz:GOOGL': 3.95, 'xyz:META': -2.52, 'xyz:MU': 0.41, 'xyz:NVDA': -1.04, 'xyz:SNDK': -0.83}",2.0,
stocks,A,"A:agent_rule_consensus(max_hold_bars=32, require_trend_tf=True, rsi_hi=70, rsi_lo=30, score_threshold=3, sl_atr=1.5, tf_trend=15m, tp_atr=3.0)",adverse,4.5,17.0,69,41.0,-9.055852711422204,-0.1312442421945247,0.7714855594358606,0.4492753623188406,44,26.0,0.4970961222468766,0.011297639141974469,0.011297639141974469,1.031605321463573,0.5,"[-0.1965010949227543, 0.26963489640612814]",0.468,-1.358127367952285,-1.2454554877832165,1,3,3.0,2.7690171227012645,-2.2719210004543866,24.0,20.0,0.2561648867244524,4.257878764009145,188.4672906810606,92.11419275529633,91.22464335697613,True,2026-06-09 15:37:37.120195+00:00,0.14116324235919453,10.124501766185801,A_agent_rule_consensus_6313921_adverse.parquet,"{'xyz:GOOGL': 1.71, 'xyz:META': -1.69, 'xyz:MU': 1.21, 'xyz:NVDA': -1.43, 'xyz:SNDK': 0.69}",3.0,
