file,plain_rank,plain_score,plain_btc,plain_eth,mag_score,mag_eligible,mag_reasons,mag_rank
Multi-Indicator-Dynamic-Trailing-Stop-Trading-Strategy.md,1,13.426353957907349,9.308029346273884,17.544678569540814,-6.810442843305598,True,,3135
Open-Close-Cross-Moving-Average-Trend-Following-Strategy.md,2,10.319255273975802,10.650175586246444,9.988334961705162,-4.780104090502364,True,,2989
Multi-Timeframe-Moving-Average-Crossover-Optimization-Strategy.md,3,9.67956981521999,10.349364200818686,9.009775429621294,-3.15610328212131,True,,2798
Trend-Retracement-Trading-Strategy-Based-on-RSI-Indicator.md,4,9.258147457724796,9.07729772129167,9.43899719415792,-10.92885425623443,True,,3335
Multi-Timeframe-Trend-Breakout-Strategy-with-RSI-Filter-and-ATR-Based-Risk-Management.md,5,8.372785674492949,4.616926502650817,12.128644846335082,-10.38313631715313,True,,3321
Dynamic-EMA-Trend-Following-with-Volatility-Adaptive-Nasdaq-Futures-Trading-Strategy.md,6,7.503057635507313,5.0802736520832825,9.925841618931342,-4.5584767262526285,True,,2973
Multi-Moving-Average-Trend-Following-with-ATR-Risk-Management-Quantitative-Trading-Strategy.md,7,7.243957277142933,5.311750975257356,9.17616357902851,-13.103380577692544,True,,3400
Best-TradingView-Strategy.md,8,6.397046734184547,6.51460730403577,6.279486164333324,-6.569948882233749,True,,3120
RSI-Reversal-Trading-Strategy-432118.md,9,6.290188305691657,6.468314694092936,6.112061917290379,-4.821936376854473,True,,2993
RePaNoCHa-Quantitative-Trading-Strategy.md,10,6.09562591742257,5.836875225727065,6.354376609118075,-3.3422559282215785,True,,2824
Quantitative-Trading-Strategy-Based-on-Multiple-Indicators.md,11,6.067108918703675,5.547253508674248,6.586964328733102,-1.1705547897760906,True,,2238
Dynamic-QQE-Trend-Following-with-Risk-Management-Quantitative-Trading-Strategy.md,12,5.994920234563784,4.315599277251439,7.674241191876128,-9.682391700110228,True,,3294
DYNAMIC-MOMENTUM-OSCILLATOR-TRAILING-STOP-STRATEGY.md,13,5.987407344892691,2.549621982686383,9.425192707099,-4.541538802103036,True,,2971
Black-Scholes-Volatility-Adjusted-Breakout-with-Dynamic-Threshold-Optimization.md,14,5.847704062769147,5.427558415940828,6.267849709597465,-0.6254673886369784,True,,1836
Piercing-Pin-Bar-Reversal-Strategy.md,15,5.8168984993822175,5.411056475592402,6.222740523172034,-4.143895832711419,True,,2925
RSI-Relative-Strength-Index-Strategy.md,16,5.789401563802277,4.467840210051822,7.110962917552731,-21.39143029787298,True,,3559
Scalping-Strategy-based-on-RSI-Indicator-with-Trailing-Stop-Loss.md,17,5.5925878637958535,2.5326824007535644,8.652493326838142,-12.53868335509217,True,,3392
Multi-Technical-Indicator-Trend-Following-Trading-Strategy-474803.md,18,5.400985168648752,5.596108197869589,5.205862139427916,-8.667897643459092,True,,3243
Crossing-Strategy-Between-Bollinger-Bands-and-Hull-Indicator.md,19,5.384976626292758,4.934068535042004,5.835884717543513,-10.036958505351746,True,,3307
Advanced-Trend-Capture-EMA-Crossover-Strategy-with-Dynamic-Trailing-Stop.md,20,5.278777190505,6.26652186494676,4.29103251606324,-6.600140841007375,True,,3122
Multi-Timeframe-Trend-Momentum-and-VWAP-Rebound-Crossover-Quantitative-Strategy.md,21,5.17319583360564,5.600404340405347,4.745987326805934,-10.87823001697596,True,,3333
Dynamic-Trend-Momentum-Trading-Strategy.md,22,5.100409206841558,5.298699567330774,4.902118846352342,-3.024193071364488,True,,2773
Weekly-Swing-Trading-Strategy.md,23,4.745615810134222,4.816463980802719,4.674767639465725,-6.447318106336222,True,,3111
Momentum-Breakout-Strategy-429950.md,24,4.598408917046078,5.02331748254481,4.1735003515473466,-5.0192041029195416,True,,3009
Double-Exponential-Moving-Average-RSI-Trading-Strategy.md,25,4.331457369434415,4.216648400310374,4.446266338558456,-3.7538235809433713,True,,2877
Trend-Following-Strategy-Based-on-Bollinger-Band-Oscillator.md,26,4.2309943120260325,4.729201508478149,3.732787115573915,-3.6738493714495695,True,,2865
High-Performance-Algorithmic-Trading-Strategy-Based-on-Quantitative-Models.md,27,4.228937082628137,4.521363185410948,3.9365109798453264,-3.623275321445592,True,,2862
Dynamic-Volatility-Driven-High-Frequency-EMA-Crossover-Quantitative-Strategy.md,28,4.173619119294441,3.23222373631581,5.115014502273073,-0.2732945105142282,True,,1400
Lunar-Phase-Based-Bitcoin-Trading-Strategy.md,29,3.958931590729133,3.934732620248076,3.9831305612101895,-0.4109035641308537,True,,1574
Dual-EMA-Crossover-Strategy-with-Dynamic-Trailing-Stop-Mechanism.md,30,3.8685773032368367,3.914305797715728,3.8228488087579455,-3.1412528558261763,True,,2795
Dynamic-Breakout-Trading-Strategy-with-Multi-Period-Volatility-Based-Price-Breakthrough-Model.md,31,3.6190228572614336,3.522267648840974,3.7157780656818935,-2.029191982167131,True,,2581
Random-Fisher-Transform-Temporary-Stop-Reverse-STOCH-Indicator-Quantitative-Strategy.md,32,3.541357599012863,3.277733872727404,3.804981325298322,-1.272275146054786,True,,2289
Advanced-Bollinger-Bands-Multi-Indicator-Dynamic-Trend-Breakout-Trading-Strategy.md,34,3.496041430489853,2.410724397396317,4.58135846358339,-5.241713973483719,True,,3023
RSI-Divergence-Trading-Strategy-430162.md,35,2.9567900438780748,0.3088728743825517,5.604707213373598,-1.590841482361424,True,,2433
Dynamic-ATR-Trailing-Stop-with-EMA-Cross-Combination-Strategy.md,36,2.7020245881887823,0.9387007391072396,4.465348437270325,-2.331460599162774,True,,2647
Multi-Indicator-Divergence-Trading-System-with-Advanced-Risk-Management.md,37,2.6011679908261103,2.498392782138469,2.7039431995137515,-1.323489023323734,True,,2316
Multi-Indicator-Dynamic-Reversal-Trading-System-RSI-and-VWAP-Synergistic-Reversal-Strategy.md,38,2.562460068950411,-0.2872638335179577,5.41218397141878,-2.606753523981837,True,,2699
Daily-Moving-Average-Tracking-Strategy-for-Gold-Value.md,39,2.5352438212097383,4.744496867721124,0.3259907746983524,-1.5787980779581725,True,,2426
Multi-Indicator-Synergistic-Short-Term-Trend-Following-Strategy.md,40,2.4632071384928014,1.222885130908537,3.7035291460770656,-0.5668482159971698,True,,1759
Relative-Body-Index-Crossover-Strategy.md,41,2.425649893740215,2.0982717983320938,2.753027989148337,-5.243943819732402,True,,3024
Multi-Kernel-Regression-Dynamic-Reactor-Trend-Following-Strategy.md,42,2.309335973549481,1.624438477074085,2.994233470024877,-0.1703812402597119,True,,1250
EMA9-20Dual-Moving-Average-Crossover-Strategy-EMA9-20.md,43,1.9910201864734127,2.259438131273822,1.7226022416730036,-0.1519903472666334,True,,1229
Multi-Indicator-Dynamic-Adaptive-Position-Sizing-with-ATR-Volatility-Strategy.md,44,1.9674915944808204,0.0872354091327244,3.8477477798289166,-7.229955329303234,True,,3173
Pivot-Based-Volume-Weighted-Breakout-Reversal-Strategy.md,45,1.880387191684918,1.3790992249722218,2.381675158397614,1.7472790586523683,True,,1
Trend-Following-Channel-Breakout-Strategy-with-Moving-Average-and-Trailing-Stop.md,46,1.874964689729273,0.3021990804233108,3.447730299035236,-11.415759839961517,True,,3355
Volume-MA-based-Adaptive-Pyramiding-Dynamic-Stop-Loss-and-Take-Profit-Trading-Strategy.md,47,1.874388839334589,1.6558910503317803,2.0928866283373977,-0.1677390503192095,True,,1246
Adaptive-Zero-Lag-Exponential-Moving-Average-Quantitative-Trading-Strategy.md,48,1.679389620551242,1.0220736944931592,2.3367055466093247,-6.349841175625382,True,,3106
Joker-Trailing-Take-Profit-Strategy.md,49,1.678838943672853,1.159680123245374,2.1979977641003323,-0.7395640414084859,True,,1948
Dynamic-ATR-Trailing-Stop-Trading-Strategy-Market-Volatility-Adaptive-System.md,50,1.49325442033426,1.7356781601817273,1.2508306804867932,1.49325442033426,True,,2
Bollinger-Bands-Breakout-short-term-trend-following-Strategy.md,51,1.456276103179334,0.8248609222869338,2.0876912840717345,0.9602574576243464,True,,29
