week,n,ret,gross_funding_ret,basis_ret,cost_ret,fin_ret,turnover,sel
2025-12-29 00:00:00+00:00,9,0.0017888999190258752,0.002340414622222222,0.0010267866666666668,-0.0009599999999999999,-0.0006183013698630138,9,"xyz:AMZN,xyz:TSLA,xyz:COIN,xyz:MSFT,xyz:GOOGL,xyz:META,xyz:HOOD,xyz:AAPL,xyz:PLTR"
2026-01-05 00:00:00+00:00,10,0.0009506877021369861,0.0028695202719999998,-0.0006285311999999998,-0.000672,-0.0006183013698630137,4,"xyz:INTC,xyz:MSTR,xyz:PLTR,xyz:HOOD,xyz:AMZN,xyz:TSLA,xyz:MSFT,xyz:ORCL,xyz:GOOGL,xyz:NVDA"
2026-01-12 00:00:00+00:00,10,0.0008685238221369865,0.0014399483920000003,0.00023887679999999998,-0.00019199999999999998,-0.0006183013698630137,1,"xyz:INTC,xyz:MSTR,xyz:PLTR,xyz:TSLA,xyz:AMZN,xyz:NFLX,xyz:GOOGL,xyz:ORCL,xyz:HOOD,xyz:MSFT"
2026-01-19 00:00:00+00:00,10,-0.0005711225218630137,-0.0006324395520000001,0.0014476184,-0.0007679999999999999,-0.0006183013698630137,4,"xyz:MSTR,xyz:INTC,xyz:AAPL,xyz:AMZN,xyz:GOOGL,xyz:ORCL,xyz:AMD,xyz:CRCL,xyz:MSFT,xyz:NVDA"
2026-01-26 00:00:00+00:00,5,0.0008426597821369858,0.0014780507519999999,0.0017109103999999997,-0.0017279999999999997,-0.0006183013698630137,2,"xyz:INTC,xyz:NFLX,xyz:AAPL,xyz:TSLA,xyz:GOOGL"
2026-02-02 00:00:00+00:00,10,0.000813051022136986,0.0021695931919999997,-6.624080000000003e-05,-0.000672,-0.0006183013698630137,6,"xyz:MU,xyz:INTC,xyz:GOOGL,xyz:NVDA,xyz:MSFT,xyz:AMZN,xyz:TSLA,xyz:AMD,xyz:NFLX,xyz:HOOD"
2026-02-09 00:00:00+00:00,10,0.00042536736613698673,0.0021967743360000003,-0.0003851056,-0.0007679999999999999,-0.0006183013698630137,4,"xyz:SNDK,xyz:MU,xyz:CRCL,xyz:MSTR,xyz:GOOGL,xyz:NVDA,xyz:INTC,xyz:AMD,xyz:AMZN,xyz:COIN"
2026-02-16 00:00:00+00:00,10,0.000749401390136987,0.0024986523600000004,-0.00017094959999999998,-0.00096,-0.0006183013698630137,5,"xyz:MU,xyz:SNDK,xyz:NVDA,xyz:BABA,xyz:GOOGL,xyz:HOOD,xyz:ORCL,xyz:MSFT,xyz:AAPL,xyz:AMZN"
2026-02-23 00:00:00+00:00,10,0.0018015341821369859,0.0015989667519999999,0.0010128688,-0.00019199999999999998,-0.0006183013698630137,1,"xyz:SNDK,xyz:BABA,xyz:NVDA,xyz:CRCL,xyz:GOOGL,xyz:AMZN,xyz:MSFT,xyz:MU,xyz:HOOD,xyz:AAPL"
2026-03-02 00:00:00+00:00,10,0.0036740406061369856,0.0024644483759999995,0.0027878936,-0.00096,-0.0006183013698630137,5,"xyz:URNM,xyz:USAR,xyz:SNDK,xyz:NVDA,xyz:MU,xyz:PLTR,xyz:BABA,xyz:GOOGL,xyz:NFLX,xyz:ORCL"
2026-03-09 00:00:00+00:00,10,-0.0037077917378630144,0.0017514744319999998,-0.004264964800000001,-0.000576,-0.0006183013698630137,3,"xyz:USAR,xyz:URNM,xyz:NVDA,xyz:MU,xyz:ORCL,xyz:BABA,xyz:NFLX,xyz:CRCL,xyz:AMZN,xyz:AAPL"
2026-03-16 00:00:00+00:00,10,0.002130650974136986,-0.001994093256,0.005511045599999999,-0.0007679999999999999,-0.0006183013698630137,4,"xyz:CRCL,xyz:CRWV,xyz:USAR,xyz:URNM,xyz:SNDK,xyz:ORCL,xyz:NFLX,xyz:HOOD,xyz:BABA,xyz:COIN"
2026-03-23 00:00:00+00:00,10,-8.799418586301337e-05,0.0017021719840000001,0.00017213520000000009,-0.001344,-0.0006183013698630137,7,"xyz:SNDK,xyz:HOOD,xyz:RIVN,xyz:CRCL,xyz:GOOGL,xyz:TSM,xyz:MSFT,xyz:AAPL,xyz:AMZN,xyz:META"
2026-03-30 00:00:00+00:00,10,-0.0011127387538630137,4.254821600000003e-05,3.9014400000000024e-05,-0.000576,-0.0006183013698630137,3,"xyz:RIVN,xyz:MU,xyz:CRCL,xyz:USAR,xyz:HOOD,xyz:MSFT,xyz:SNDK,xyz:AMD,xyz:GOOGL,xyz:META"
2026-04-06 00:00:00+00:00,10,0.000859558758136986,-0.000289038272,0.0025348983999999995,-0.0007679999999999999,-0.0006183013698630137,4,"xyz:URNM,xyz:MU,xyz:HOOD,xyz:MSTR,xyz:COIN,xyz:MSFT,xyz:CRCL,xyz:GOOGL,xyz:BABA,xyz:META"
2026-04-13 00:00:00+00:00,8,-0.0015276109598630135,4.0337410000000086e-05,1.035300000000012e-05,-0.0009600000000000001,-0.0006183013698630137,3,"xyz:CRCL,xyz:MSFT,xyz:MU,xyz:NVDA,xyz:HOOD,xyz:AAPL,xyz:AMZN,xyz:META"
2026-04-20 00:00:00+00:00,10,0.002323038158136986,0.003340093928,0.00036924559999999997,-0.0007679999999999999,-0.0006183013698630137,5,"xyz:RIVN,xyz:ORCL,xyz:MSFT,xyz:CRWV,xyz:USAR,xyz:MU,xyz:GOOGL,xyz:META,xyz:NVDA,xyz:AMZN"
2026-04-27 00:00:00+00:00,10,0.005048524902136987,0.005371024672,0.0014478015999999999,-0.001152,-0.0006183013698630137,6,"xyz:DKNG,xyz:URNM,xyz:HIMS,xyz:CRWV,xyz:USAR,xyz:LLY,xyz:RIVN,xyz:COST,xyz:AMD,xyz:ORCL"
2026-05-04 00:00:00+00:00,10,0.0014723167901369869,0.0032817301600000003,-0.000615112,-0.000576,-0.0006183013698630137,3,"xyz:DKNG,xyz:RIVN,xyz:HIMS,xyz:COST,xyz:LLY,xyz:CRWV,xyz:TSM,xyz:AMD,xyz:MU,xyz:NFLX"
2026-05-11 00:00:00+00:00,10,0.002781121542136986,0.0035125917119999996,0.0006548311999999998,-0.0007679999999999999,-0.0006183013698630137,4,"xyz:HIMS,xyz:URNM,xyz:CRWV,xyz:USAR,xyz:MU,xyz:AMD,xyz:ORCL,xyz:RIVN,xyz:LLY,xyz:AMZN"
2026-05-18 00:00:00+00:00,10,-0.00020735724986301363,0.0007722249199999998,0.0005987192000000002,-0.00096,-0.0006183013698630137,5,"xyz:BIRD,xyz:COST,xyz:HIMS,xyz:USAR,xyz:LLY,xyz:MU,xyz:BABA,xyz:INTC,xyz:TSLA,xyz:AMD"
2026-05-25 00:00:00+00:00,10,0.0012576687261369865,0.003145322096,7.46479999999998e-05,-0.001344,-0.0006183013698630137,7,"xyz:URNM,xyz:DKNG,xyz:RIVN,xyz:LLY,xyz:CRWV,xyz:SNDK,xyz:MU,xyz:INTC,xyz:META,xyz:GOOGL"
2026-06-01 00:00:00+00:00,10,0.0034497495341369853,0.003592438103999999,0.0018196128,-0.001344,-0.0006183013698630137,7,"xyz:EWZ,xyz:BIRD,xyz:DKNG,xyz:GME,xyz:BX,xyz:MRVL,xyz:CRWV,xyz:LITE,xyz:RKLB,xyz:RIVN"
2026-06-08 00:00:00+00:00,10,-0.001731206329863014,0.0017066014399999996,-0.0018595064,-0.00096,-0.0006183013698630137,5,"xyz:ZM,xyz:GME,xyz:BX,xyz:XLE,xyz:MRVL,xyz:COST,xyz:CRWV,xyz:RIVN,xyz:USAR,xyz:PLTR"
2026-06-15 00:00:00+00:00,10,0.001485006846136986,0.003403008216,4.4299999999999965e-05,-0.001344,-0.0006183013698630137,7,"xyz:URNM,xyz:EBAY,xyz:BIRD,xyz:LITE,xyz:LLY,xyz:MU,xyz:HIMS,xyz:GME,xyz:CRWV,xyz:MRVL"
2026-06-22 00:00:00+00:00,10,-0.000752235561863013,0.003705336208,-0.0030712703999999998,-0.0007679999999999999,-0.0006183013698630137,4,"xyz:EBAY,xyz:DKNG,xyz:GME,xyz:BIRD,xyz:ZM,xyz:HIMS,xyz:URNM,xyz:RIVN,xyz:LITE,xyz:RKLB"
2026-06-29 00:00:00+00:00,10,0.0027116984461369874,0.004010417416000001,0.0006635824000000002,-0.001344,-0.0006183013698630137,7,"xyz:BIRD,xyz:BB,xyz:LLY,xyz:HIMS,xyz:MSFT,xyz:GME,xyz:BABA,xyz:ASML,xyz:GOOGL,xyz:MU"
2026-07-06 00:00:00+00:00,10,0.0035258596061369866,0.004218473776,0.0006936872,-0.0007679999999999999,-0.0006183013698630137,4,"xyz:BIRD,xyz:CRCL,xyz:GME,xyz:MRVL,xyz:MU,xyz:BABA,xyz:HIMS,xyz:ASML,xyz:SNDK,xyz:DELL"
2026-07-13 00:00:00+00:00,10,-0.001243954889863014,0.00108890648,-0.00075456,-0.00096,-0.0006183013698630137,5,"xyz:BIRD,xyz:GME,xyz:XLE,xyz:EBAY,xyz:HOOD,xyz:BABA,xyz:MRVL,xyz:CRCL,xyz:EWT,xyz:NBIS"
2026-07-20 00:00:00+00:00,10,-0.0009357067298630134,0.0020545146400000004,-0.00083592,-0.0015359999999999998,-0.0006183013698630137,8,"xyz:BB,xyz:XLE,xyz:SNDK,xyz:ZM,xyz:ORCL,xyz:CRCL,xyz:STRC,xyz:MU,xyz:NOK,xyz:TSM"
2026-07-27 00:00:00+00:00,10,0.0010915604461369862,0.002766846616,0.0004790152,-0.0015359999999999998,-0.0006183013698630137,8,"xyz:USAR,xyz:BE,xyz:NFLX,xyz:NOK,xyz:BB,xyz:MSTR,xyz:COIN,xyz:INTC,xyz:NBIS,xyz:QCOM"
2026-08-03 00:00:00+00:00,10,-0.002915798849863014,-0.0020825054800000004,0.0011290080000000001,-0.001344,-0.0006183013698630137,7,"xyz:BIRD,xyz:USAR,xyz:BE,xyz:NBIS,xyz:LITE,xyz:HIMS,xyz:HOOD,xyz:SNDK,xyz:MU,xyz:DKNG"
2026-08-10 00:00:00+00:00,10,-0.0006003622098630134,0.0018803255600000001,-0.0003263864,-0.0015359999999999998,-0.0006183013698630137,8,"xyz:URNM,xyz:BE,xyz:NOW,xyz:BB,xyz:AVGO,xyz:WDC,xyz:USAR,xyz:BABA,xyz:TSM,xyz:COIN"
2026-08-17 00:00:00+00:00,10,0.0009681880701369863,0.00172756864,0.0010109208,-0.001152,-0.0006183013698630137,6,"xyz:BE,xyz:AMAT,xyz:BIRD,xyz:LITE,xyz:GME,xyz:AVGO,xyz:XLE,xyz:USAR,xyz:URNM,xyz:RKLB"
2026-08-24 00:00:00+00:00,10,0.002905547406136986,0.0020733807759999996,0.002410468,-0.00096,-0.0006183013698630137,5,"xyz:URNM,xyz:RIVN,xyz:SMH,xyz:USAR,xyz:GME,xyz:ARM,xyz:XLE,xyz:AVGO,xyz:NOW,xyz:NOK"
2026-08-31 00:00:00+00:00,10,-0.002020476961863014,0.002097908408,-0.002540084,-0.00096,-0.0006183013698630137,5,"xyz:BIRD,xyz:NOK,xyz:SMH,xyz:URNM,xyz:QCOM,xyz:BE,xyz:RIVN,xyz:MSTR,xyz:CRCL,xyz:XLE"
2026-09-07 00:00:00+00:00,10,-0.0004500589458630134,0.000543150424,0.0005850920000000002,-0.00096,-0.0006183013698630137,5,"xyz:URNM,xyz:XLE,xyz:NOK,xyz:BIRD,xyz:HOOD,xyz:SOXL,xyz:USAR,xyz:RKLB,xyz:RIVN,xyz:HIMS"
2026-09-14 00:00:00+00:00,10,-0.0018600293458630138,0.002142544024,-0.002040272,-0.001344,-0.0006183013698630137,7,"xyz:SMH,xyz:XLE,xyz:EBAY,xyz:USAR,xyz:ORCL,xyz:GEV,xyz:QCOM,xyz:LLY,xyz:HIMS,xyz:NOW"
