rank,file,coin,oos_from,days,cagr,bh_cagr,sharpe,bh_sharpe,mdd,bh_mdd,excess_log_growth_per_year,p_excess,full_cagr,full_bh_cagr,full_mdd,full_bh_mdd
1,Pivot-Based-Volume-Weighted-Breakout-Reversal-Strategy.md,BTC,2025-04-26,521,0.1816130249011978,-0.08396986960364217,1.3790992249722172,-0.0059375760791802335,-0.059899544511146874,-0.5297592444745775,0.25458649668273636,0.258,0.05048428867090715,0.17008588516358447,-0.2624191633605326,-0.7666956183209542
1,Pivot-Based-Volume-Weighted-Breakout-Reversal-Strategy.md,ETH,2025-04-26,521,0.29142884511599987,0.3326462864494315,2.1154588923325197,0.7579507342731001,-0.06282057175511202,-0.6756004198436139,-0.03141741720897476,0.51775,0.09739228773192155,0.1248394542537159,-0.15522461373443042,-0.7935130756288556
2,Dynamic-ATR-Trailing-Stop-Trading-Strategy-Market-Volatility-Adaptive-System.md,BTC,2025-03-06,572,0.8138747873186385,-0.050798400411510514,1.7356781601817273,0.09134219349046468,-0.21886613205446181,-0.5297592444745773,0.647599392802101,0.0725,0.11646254781538112,0.17008588516358447,-0.7330961282336323,-0.7666956183209542
2,Dynamic-ATR-Trailing-Stop-Trading-Strategy-Market-Volatility-Adaptive-System.md,ETH,2025-03-06,572,0.8254679610703561,0.12311552012148308,1.2508306804867932,0.5072806812123896,-0.401416758085934,-0.6756004198436145,0.48572983329640823,0.18975,0.2773229222261533,0.1248394542537159,-0.7257498982321713,-0.7935130756288556
3,RSI2-Based-Dynamic-Breakout-Trading-Strategy-with-Moving-Average-Filter-System.md,BTC,2025-03-01,577,0.08849597533029563,-0.0063043884023262775,0.6616280762552986,0.20464831989348664,-0.16915469702602626,-0.5297592444745776,0.09112124921898533,0.3805,-0.018644854181792403,0.17008588516358447,-0.40791632997380567,-0.7666956183209542
3,RSI2-Based-Dynamic-Breakout-Trading-Strategy-with-Moving-Average-Filter-System.md,ETH,2025-03-01,577,0.7441131385397979,0.12321062210935851,1.8251068692861068,0.5120159905854568,-0.11843945976813341,-0.675600419843614,0.4400549851476775,0.17225,0.06999172333203663,0.1248394542537159,-0.4616577475692244,-0.7935130756288556
4,Breakout-Zone-Momentum-Trading-Strategy.md,BTC,2024-07-31,790,0.2657391740038486,0.11330708666438438,0.7825868953593544,0.4622758194145165,-0.28252323509822397,-0.5297592444745777,0.12832133561228423,0.34425,0.2169113523873607,0.17008588516358447,-0.5674490389973506,-0.7666956183209542
4,Breakout-Zone-Momentum-Trading-Strategy.md,ETH,2024-07-31,790,1.2107149301506506,-0.08769762947003268,1.6653977278052137,0.21324186932101155,-0.3734604597753983,-0.6756004198436146,0.8850997582447636,0.06225,0.2617445593889054,0.1248394542537159,-0.6140240997549747,-0.7935130756288556
5,Multi-Trend-Crossover-Strategy.md,BTC,2023-09-23,1102,0.40424081238586473,0.46104195069984044,1.1686947318605283,1.0407591812257653,-0.29449526817705174,-0.529759244474578,-0.03965303635617415,0.58225,0.20412065761968878,0.17008588516358447,-0.51929816992266,-0.7666956183209542
5,Multi-Trend-Crossover-Strategy.md,ETH,2023-09-23,1102,0.5313814536092416,0.18931715278370898,1.1501295141074948,0.5893787721608281,-0.3905931155054172,-0.6756004198436145,0.25279091764635875,0.1565,0.35741902669877756,0.1248394542537159,-0.47941262315870314,-0.7935130756288556
6,Renko-Boxes-and-TEMA-Indicator-Micro-Profit-Strategy.md,BTC,2023-09-22,1103,0.27336552160805194,0.4607964176518826,0.9160940778232389,1.040661329160927,-0.3844059397110864,-0.5297592444745778,-0.13731836615555126,0.78725,0.026000666477220324,0.17008588516358447,-0.6944232377303516,-0.7666956183209542
6,Renko-Boxes-and-TEMA-Indicator-Micro-Profit-Strategy.md,ETH,2023-09-22,1103,0.43577581535991183,0.19143253130757665,1.3121859565589393,0.5920179258482169,-0.20392454241467017,-0.6756004198436143,0.1865489500517782,0.28975,0.12978971757011926,0.1248394542537159,-0.6213551758469229,-0.7935130756288556
7,Bollinger-Percentage-Bands-Trading-Strategy.md,BTC,2023-12-13,1021,0.43233685088920604,0.28357086532173725,1.03610786700315,0.7639397146875284,-0.31675714144643585,-0.5297592444745776,0.10966133957818334,0.35775,0.3325453922570396,0.17008588516358447,-0.5631925773762607,-0.7666956183209542
7,Bollinger-Percentage-Bands-Trading-Strategy.md,ETH,2023-12-13,1021,0.6959114464757084,0.0733636629057679,1.1731773918946136,0.4395449475328451,-0.4319951147570661,-0.6756004198436149,0.45742299498904976,0.17825,0.6775870904479917,0.1248394542537159,-0.5712902709415901,-0.7935130756288556
8,Turnaround-Tuesday-Strategy-Weekend-Filter.md,BTC,2024-05-02,880,0.24007988110003797,0.1603909790307596,1.608037804330484,0.5532348618609321,-0.0906487764867625,-0.5297592444745781,0.06641879856604826,0.4145,0.12737514634818847,0.17008588516358447,-0.39242944703128135,-0.7666956183209542
8,Turnaround-Tuesday-Strategy-Weekend-Filter.md,ETH,2024-05-02,880,0.13520259295742565,-0.04068350236769236,0.6001297680782852,0.27876714439550837,-0.28905948115832425,-0.6756004198436146,0.16834536073514342,0.36225,0.015620394374646018,0.1248394542537159,-0.48227834032745287,-0.7935130756288556
9,Multi-Timeframe-Heikin-Ashi-Moving-Average-Trend-Following-Trading-System.md,BTC,2025-01-08,629,0.25786607694554897,-0.08310133037367828,0.7822209946235363,0.018254510320998014,-0.31569368717607127,-0.5297592444745778,0.31617501036802315,0.23625,0.097914652313571,0.17008588516358447,-0.7752873604367447,-0.7666956183209542
9,Multi-Timeframe-Heikin-Ashi-Moving-Average-Trend-Following-Trading-System.md,ETH,2025-01-08,629,0.8708493977280125,-0.12446632374207744,1.3531071590749681,0.156117118389668,-0.5579676258677331,-0.6756004198436143,0.7593142139464266,0.1305,0.2144975051258582,0.1248394542537159,-0.7068193300125345,-0.7935130756288556
10,Moving-Average-Ribbon-Trend-Strategy.md,BTC,2023-11-04,1060,0.5005737085748854,0.3528347123186386,1.1409168808334191,0.8753343867852393,-0.3366496421444022,-0.5297592444745769,0.10364532948578128,0.3585,0.3865401717256125,0.17008588516358447,-0.5601420444085694,-0.7666956183209542
10,Moving-Average-Ribbon-Trend-Strategy.md,ETH,2023-11-04,1060,0.5147069652756238,0.140955808029265,0.9937306784576566,0.5289059363199772,-0.7164436129284661,-0.6756004198436145,0.2833556587747683,0.276,-0.005490555122481311,0.1248394542537159,-0.9057504887976454,-0.7935130756288556
