dir,kind,signal_t,entry_t,entry_px,support,resistance,vol_x,exit_t,exit_px,reason,ret,days_held,symbol
1,long breakout,2025-05-08,2025-05-09,103228.0,74457.0,88752.0,1.8984620023560912,2025-05-12,101991.246,stop loss,-0.013380799783004592,3,BTCUSDT
1,long breakout,2025-05-12,2025-05-13,102739.3,74457.0,88752.0,1.5812366369624733,2025-05-15,101388.93800000001,stop loss,-0.014543577968703246,2,BTCUSDT
1,long breakout,2025-05-19,2025-05-20,105531.5,74457.0,88752.0,1.5786192106811308,2025-05-21,110004.103,take profit,0.04098168698445488,1,BTCUSDT
1,long breakout,2025-05-21,2025-05-22,109609.6,74457.0,88752.0,2.3295646837441204,2025-05-23,109429.446,stop loss,-0.003043596911219514,1,BTCUSDT
1,long rejection of support,2025-06-22,2025-06-23,100904.7,100305.1,110653.6,1.8521310883458368,2025-06-23,103931.841,take profit,0.028600000000000028,0,BTCUSDT
1,long breakout,2025-07-10,2025-07-11,115979.2,98115.4,110653.6,1.6381527074163125,2025-07-14,122609.44900000001,take profit,0.055767569702153644,3,BTCUSDT
1,long breakout,2025-07-14,2025-07-15,119816.5,98115.4,110653.6,1.791725978547858,2025-07-15,117420.17,stop loss,-0.021400000000000016,0,BTCUSDT
1,long breakout,2025-07-15,2025-07-16,117738.6,98115.4,110653.6,2.0897685630557374,2025-07-18,116793.068,stop loss,-0.009430773255330082,2,BTCUSDT
-1,short breakdown,2025-08-25,2025-08-26,110064.1,111850.0,124545.6,1.5317205803446068,2025-08-26,112265.28,stop loss,-0.02139907326730499,0,BTCUSDT
1,long breakout,2025-10-03,2025-10-04,122182.6,107211.5,117875.2,1.530891994887518,2025-10-07,122135.93,stop loss,-0.0017819692820419274,3,BTCUSDT
1,long breakout,2025-10-07,2025-10-08,121286.6,108566.0,117875.2,1.5695761100173669,2025-10-09,120772.75,stop loss,-0.0056366592847025155,1,BTCUSDT
-1,short breakdown,2025-11-13,2025-11-14,99654.3,101516.5,116380.2,1.7213832833647504,2025-11-14,96664.671,take profit,0.028600000000000028,0,BTCUSDT
-1,short breakdown,2025-11-14,2025-11-15,94544.9,101516.5,116380.2,1.9238689163769256,2025-11-15,96435.798,stop loss,-0.021400000000000016,0,BTCUSDT
-1,short breakdown,2025-11-20,2025-11-21,86601.4,101516.5,116380.2,1.6848594556260048,2025-11-21,84003.261,take profit,0.02860112007427125,0,BTCUSDT
-1,short breakdown,2025-11-21,2025-11-22,85093.6,101516.5,116380.2,2.4376218801255787,2025-11-23,86383.188,stop loss,-0.016554935271277646,1,BTCUSDT
-1,short rejection of resistance,2026-01-05,2026-01-06,93822.3,84408.6,94555.0,1.6324613399576908,2026-01-07,90896.76,take profit,0.02978171266319425,1,BTCUSDT
1,long rejection of support,2026-01-29,2026-01-30,84604.7,84408.6,97932.1,1.838696198268648,2026-01-30,82912.606,stop loss,-0.021400000000000016,0,BTCUSDT
-1,short breakdown,2026-01-31,2026-02-01,78706.7,84408.6,97932.1,1.85732895278262,2026-02-01,76345.596,take profit,0.0285987675763308,0,BTCUSDT
-1,short breakdown,2026-02-02,2026-02-03,78692.5,84408.6,97932.1,1.7304438290000443,2026-02-03,76331.72499999999,take profit,0.02860000000000014,0,BTCUSDT
-1,short breakdown,2026-02-03,2026-02-04,75732.4,84408.6,97932.1,1.968432447773484,2026-02-04,73460.42799999999,take profit,0.02860000000000014,0,BTCUSDT
-1,short breakdown,2026-02-04,2026-02-05,73137.5,84408.6,97932.1,1.792523628245426,2026-02-05,70943.27799999999,take profit,0.028601326269013974,0,BTCUSDT
-1,short breakdown,2026-02-05,2026-02-06,62868.1,84408.6,97932.1,3.490599467519418,2026-02-06,60982.05699999999,take profit,0.02860000000000014,0,BTCUSDT
-1,short breakdown,2026-02-06,2026-02-07,70544.5,84408.6,97932.1,2.56528811019695,2026-02-07,68428.165,take profit,0.02860000000000014,0,BTCUSDT
1,long breakout,2026-04-17,2026-04-18,77030.6,64918.2,75998.9,1.5071943933295553,2026-04-18,75489.988,stop loss,-0.021400000000000127,0,BTCUSDT
1,long breakout,2026-05-04,2026-05-05,79826.1,64918.2,75998.9,1.9858411374047604,2026-05-07,79762.29800000001,stop loss,-0.002199262396634637,2,BTCUSDT
-1,short breakdown,2026-06-03,2026-06-04,64117.7,64918.2,82828.7,2.15658283982311,2026-06-04,62194.168999999994,take profit,0.028600000000000028,0,BTCUSDT
-1,short breakdown,2026-06-04,2026-06-05,63853.4,64918.2,82828.7,2.7284088889744083,2026-06-05,61937.798,take profit,0.028600000000000028,0,BTCUSDT
-1,short breakdown,2026-06-05,2026-06-06,61022.0,64918.2,82828.7,2.6918665057928104,2026-06-07,62066.693999999996,stop loss,-0.018519956736914464,1,BTCUSDT
1,long breakout,2026-08-19,2026-08-20,69310.1,62228.8,66924.1,2.910822744983755,2026-08-20,71389.3,take profit,0.028598513925098892,0,BTCUSDT
1,long breakout,2026-08-20,2026-08-21,72998.8,62228.8,66924.1,2.4553294580435487,2026-08-21,75188.661,take profit,0.028598589017901535,0,BTCUSDT
1,long breakout,2026-08-21,2026-08-22,78309.1,62228.8,66924.1,3.2706506260255517,2026-08-22,76742.918,stop loss,-0.021400000000000016,0,BTCUSDT
1,long breakout,2026-08-24,2026-08-25,78952.9,62484.2,66924.1,1.6146219687595367,2026-08-28,78604.722,stop loss,-0.005809945676472904,3,BTCUSDT
1,long breakout,2026-09-21,2026-09-22,86578.8,62484.2,82282.8,2.0158811518634656,2026-09-23,84435.428,stop loss,-0.026156314478833195,1,BTCUSDT
1,long breakout,2025-05-08,2025-05-09,2206.53,1535.0,2104.24,2.364770908928327,2025-05-09,2272.7362,take profit,0.0286046679628192,0,ETHUSDT
1,long breakout,2025-05-09,2025-05-10,2344.31,1535.0,2104.24,2.2491061640202807,2025-05-10,2414.6290000000004,take profit,0.02859560638311505,0,ETHUSDT
-1,short breakdown,2025-06-22,2025-06-23,2226.33,2379.62,2879.0,1.7126548830467656,2025-06-23,2270.8566,stop loss,-0.021400000000000016,0,ETHUSDT
1,long breakout,2025-07-10,2025-07-11,2950.61,2111.0,2879.0,1.5468568004987746,2025-07-11,3039.1385999999998,take profit,0.028603490803596435,0,ETHUSDT
1,long breakout,2025-07-15,2025-07-16,3137.62,2111.0,2879.0,1.7039948565856973,2025-07-16,3231.7486,take profit,0.028600000000000028,0,ETHUSDT
1,long breakout,2025-07-16,2025-07-17,3370.54,2111.0,2879.0,1.7783971623600499,2025-07-17,3471.6665000000003,take profit,0.028603055890154286,0,ETHUSDT
1,long breakout,2025-07-17,2025-07-18,3476.66,2111.0,2879.0,1.6025629905066867,2025-07-18,3580.9495,take profit,0.028597037386457316,0,ETHUSDT
1,long breakout,2025-07-18,2025-07-19,3546.36,2111.0,2879.0,1.6759231129913321,2025-07-20,3699.0493,take profit,0.041655217180432816,1,ETHUSDT
1,long breakout,2025-08-14,2025-08-15,4545.26,3353.51,3940.81,1.7077549505634633,2025-08-15,4454.3548,stop loss,-0.021400000000000016,0,ETHUSDT
1,long breakout,2025-08-22,2025-08-23,4830.36,3353.51,3940.81,1.8224971694823318,2025-08-23,4733.7626,stop loss,-0.021397971165710114,0,ETHUSDT
-1,short breakdown,2025-09-25,2025-09-26,3873.1,4205.49,4768.0,2.3310481474327434,2025-09-26,3950.562,stop loss,-0.021400000000000016,0,ETHUSDT
-1,short breakdown,2025-11-04,2025-11-05,3285.28,3400.0,4754.0,2.448892374115732,2025-11-05,3186.7216000000003,take profit,0.028599999999999917,0,ETHUSDT
-1,short breakdown,2025-11-13,2025-11-14,3230.13,3400.0,4253.0,1.7355511763194145,2025-11-14,3133.2164,take profit,0.028603002975112604,0,ETHUSDT
-1,short breakdown,2025-11-19,2025-11-20,3024.08,3055.0,4253.0,1.50419535088197,2025-11-20,2933.3673,take profit,0.0285967924128991,0,ETHUSDT
-1,short breakdown,2025-11-21,2025-11-22,2764.7,3055.0,4253.0,1.8372501971410717,2025-11-23,2824.4412,stop loss,-0.023008565124606736,1,ETHUSDT
-1,short breakdown,2026-01-30,2026-01-31,2705.66,2772.97,3403.77,1.8428122388350252,2026-01-31,2624.4901999999997,take profit,0.028600000000000028,0,ETHUSDT
-1,short breakdown,2026-01-31,2026-02-01,2450.38,2772.97,3403.77,2.2591630042439,2026-02-01,2376.8686000000002,take profit,0.028599999999999917,0,ETHUSDT
-1,short breakdown,2026-02-01,2026-02-02,2269.03,2772.97,3403.77,1.6901200316287994,2026-02-02,2314.4208,stop loss,-0.02140449531297499,0,ETHUSDT
-1,short breakdown,2026-02-02,2026-02-03,2345.56,2772.97,3403.77,2.0884731004286703,2026-02-03,2275.1835,take profit,0.028604135472978645,0,ETHUSDT
-1,short breakdown,2026-02-03,2026-02-04,2232.23,2772.97,3403.77,2.1786196922948458,2026-02-04,2276.8746,stop loss,-0.021400000000000016,0,ETHUSDT
-1,short breakdown,2026-02-04,2026-02-05,2147.01,2772.97,3403.77,1.9964779791591392,2026-02-05,2082.5997,take profit,0.028600000000000028,0,ETHUSDT
-1,short breakdown,2026-02-05,2026-02-06,1824.94,2772.97,3403.77,2.7725215307957845,2026-02-06,1770.2015,take profit,0.02859468475675926,0,ETHUSDT
-1,short breakdown,2026-02-06,2026-02-07,2062.55,2772.97,3403.77,1.9686528264333458,2026-02-07,2103.7908,stop loss,-0.02139505466534157,0,ETHUSDT
-1,short breakdown,2026-06-02,2026-06-03,1858.96,2218.83,2422.52,2.133429106017201,2026-06-03,1803.1912,take profit,0.028600000000000028,0,ETHUSDT
-1,short breakdown,2026-06-03,2026-06-04,1812.45,2218.83,2422.52,1.9410079271534475,2026-06-04,1758.0862,take profit,0.02859464812822428,0,ETHUSDT
-1,short breakdown,2026-06-04,2026-06-05,1769.85,2218.83,2422.52,2.0315706461386838,2026-06-05,1716.7641999999998,take profit,0.028594519309546,0,ETHUSDT
-1,short breakdown,2026-06-05,2026-06-06,1582.35,2218.83,2422.52,3.025054085202865,2026-06-06,1534.8794999999998,take profit,0.02860000000000014,0,ETHUSDT
1,long breakout,2026-08-19,2026-08-20,2252.17,1820.61,1943.0,3.4338388870956114,2026-08-20,2319.7248,take profit,0.028595426632980495,0,ETHUSDT
1,long breakout,2026-08-20,2026-08-21,2326.18,1820.61,1943.0,2.5394103542710518,2026-08-21,2395.9654,take profit,0.028600000000000028,0,ETHUSDT
1,long breakout,2026-08-21,2026-08-22,2515.98,1820.61,1943.0,2.7142314415514024,2026-08-22,2465.6506,stop loss,-0.021403895102504775,0,ETHUSDT
1,long breakout,2026-08-24,2026-08-25,2481.03,1820.61,1943.0,1.629272138843557,2026-08-25,2431.4094,stop loss,-0.021400000000000127,0,ETHUSDT
1,long breakout,2026-09-21,2026-09-22,2774.5,2355.12,2566.4,1.7101898100837924,2026-09-22,2719.0099999999998,stop loss,-0.021400000000000127,0,ETHUSDT
