file,eligible,reasons,score,oos_sharpe_btc,oos_sharpe_eth,is_sharpe_btc,is_sharpe_eth,full_sharpe_btc,full_sharpe_eth,oos_days,oos_trades_btc,oos_trades_eth,oos_cagr_btc,oos_cagr_eth,oos_mdd_btc,oos_mdd_eth,bh_sharpe_btc,bh_sharpe_eth,bh_cagr_btc,bh_cagr_eth,beta_btc,beta_eth,alpha_btc,alpha_eth,is_alpha_btc,is_alpha_eth,exposure_btc,tf_ms,flags,same_bar_btc,same_bar_eth,last_modified,duplicate_of,dsr_btc,psr_btc,dsr_null_btc,sr0_ann_btc,sr0_null_ann_btc,dsr_eth,psr_eth,dsr_null_eth,sr0_ann_eth,sr0_null_ann_eth,alpha_mean,is_alpha_mean
Multi-Indicator-Dynamic-Trailing-Stop-Trading-Strategy.md,True,,13.426353957907349,9.308029346273884,17.544678569540814,9.270963947471571,15.135745207378408,9.003919595380825,15.624298402306392,629.0,1540.0,1849.0,55.45969642506205,195542.6309084444,-0.10929124435978782,-0.05241708314264354,0.018254510320998014,0.156117118389668,-0.08310133037367962,-0.12446632374207689,-0.08844099265274119,0.06406338471205215,4.153340407364897,12.617141947022157,7.216255779718343,14.274162929555766,0.4516428192898781,25200000.0,,0.6844155844155844,0.9042725797728501,2025-01-06 11:51:53,,0.0,1.0,1.0,44815181294702.47,2.7415748744778443,0.0,1.0,1.0,44790963327759.93,2.7415748744778443,8.385241177193528,10.745209354637055
Multi-Timeframe-Trend-Breakout-Strategy-with-RSI-Filter-and-ATR-Based-Risk-Management.md,True,,8.372785674492949,4.616926502650817,12.128644846335082,5.6695057889688645,9.037468508401485,5.37867558468088,9.218330616912237,521.0,2341.0,2101.0,3.6958067456609625,316.172275085426,-0.07245091251633563,-0.02962322612030385,-0.0059375760791802335,0.7579507342731001,-0.08396986960364405,0.3326462864494295,-0.1018889204319992,0.1805315196978551,1.6088794337353007,5.824679164169298,3.354816777222473,8.5747998634661,0.32869481765834935,3600000.0,,0.51473729175566,0.8838648262732033,2025-04-24 16:55:42,,0.0,0.9999999999239163,0.9869485138477359,44815181294702.47,3.0128552116170066,0.0,1.0,1.0,44790963327759.93,3.0128552116170066,3.7167792989522996,5.964808320344286
Open-Close-Cross-Moving-Average-Trend-Following-Strategy.md,True,,10.319255273975802,10.650175586246444,9.988334961705162,9.556417543010019,9.049618822723838,9.708437838500313,9.384938855670011,986.0,519.0,544.0,16.44720763046558,58.014291408044514,-0.02427277347861416,-0.08898864165805705,0.7533493438788242,0.3571589501678463,0.2767965010378317,0.014157514832529028,-0.012773781397911027,-0.012230410186720235,2.911019734464665,4.187951456075915,4.022192651971947,4.721314337533257,0.09026369168356999,86400000.0,,0.9190751445086706,0.8915441176470589,2024-01-15 14:24:27,,0.0,1.0,1.0,44815181294702.47,2.1890809312264183,0.0,1.0,1.0,44790963327759.93,2.1890809312264183,3.5494855952702897,4.3717534947526016
Multi-Moving-Average-Trend-Following-with-ATR-Risk-Management-Quantitative-Trading-Strategy.md,True,,7.243957277142933,5.311750975257356,9.17616357902851,8.061686068431015,9.411559829378833,7.353499185533847,9.308541702456417,551.0,193.0,214.0,2.5133047849133408,34.06180247983664,-0.026243400483422035,-0.0015162113238086333,0.14800116880520653,0.6187345067412988,-0.026198999127391986,0.21271933790353859,0.001961824180030367,-0.007457180039945957,1.2866833946306475,3.6528300636962414,3.5778633148146,4.614932495920079,0.6551724137931034,86400000.0,,0.7823834196891192,0.9439252336448598,2025-03-25 14:46:55,,0.0,1.0,0.999999733337824,44815181294702.47,2.9295343078899188,0.0,1.0,1.0,44790963327759.93,2.9295343078899188,2.4697567291634446,4.09639790536734
DYNAMIC-MOMENTUM-OSCILLATOR-TRAILING-STOP-STRATEGY.md,True,,5.987407344892691,2.549621982686383,9.425192707099,3.123700105651507,9.040781415396253,2.869478867355539,8.874154879692357,951.0,2390.0,2641.0,1.227614239573577,20.55224310830423,-0.3130265443789955,-0.3120542974575344,0.6142582545158746,0.27546063364212375,0.1965037423839131,-0.04343582512663435,-0.20682825945731914,-0.06724773151312334,0.9195697250499477,3.151799614154749,1.5082592671566963,4.994900261678559,0.31580792148615494,3600000.0,,0.6761506276150627,0.8928436198409694,2024-02-19 14:39:51,,0.0,0.999897402349307,0.6796788668987512,44815181294702.47,2.229041378475282,0.0,1.0,0.9999999999999454,44790963327759.93,2.229041378475282,2.0356846696023485,3.251579764417628
Advanced-Trend-Capture-EMA-Crossover-Strategy-with-Dynamic-Trailing-Stop.md,True,,3.3980250468318514,3.6670610530673966,3.128989040596306,3.543366666407982,3.3660886295597243,3.496584572486411,3.2835510452618326,537.0,159.0,100.0,3.3835499752550273,4.042712338674933,-0.20542218411354798,-0.3406926114708434,0.22463979637183848,0.8121979934664042,0.007172713019348853,0.38256428723059477,-0.20628837197340857,-0.025698591134792458,1.5904712055069217,1.791909278500847,2.6007326829845545,2.7922451028422794,0.6815642458100558,86400000.0,,0.0,0.0,2025-04-08 10:23:52,,0.0,0.9999983601224325,0.8125919376374724,44815181294702.47,2.967546537252578,0.0,0.9999838380754381,0.584903807317203,44790963327759.93,2.967546537252578,1.6911902420038842,2.696488892913417
Dual-EMA-Crossover-Strategy-with-Dynamic-Trailing-Stop-Mechanism.md,True,,2.5137076478538347,2.2226938616599843,2.8047214340476847,3.1636485603847135,2.7167069474656813,2.9462460839455833,2.710659639580497,537.0,87.0,70.0,1.517223751399968,3.3511846162805217,-0.2283012590620688,-0.1823837401169147,0.22463979637183848,0.8121979934664042,0.06289084904129494,0.5051262032858646,0.050709010607637627,0.060589200663948094,1.025629030795464,1.6040785737462726,2.0208177132598864,2.196733202149607,0.6747211895910781,172800000.0,,0.011494252873563218,0.11428571428571428,2025-04-07 13:39:58,,,,,,,,,,,,1.3148538022708682,2.1087754577047466
Daily-Moving-Average-Tracking-Strategy-for-Gold-Value.md,True,,2.5352438212097383,4.744496867721124,0.3259907746983524,4.623345879028864,0.8131692873305372,4.530670082215086,0.6001240758555931,989.0,1988.0,354.0,4.8181906609206475,-0.006278097377054648,-0.21718646929624835,-0.6414998948754613,0.7571564002731108,0.35884850171988614,0.27899346776781964,0.015404697110691146,-0.02847261191041202,-0.12530022981986297,1.8497330582093592,0.25046810919575874,2.9869896861893652,0.7144058328836345,0.5580763397371082,2700000.0,,0.7298792756539235,0.002824858757062147,2024-01-12 11:54:21,,,,,,,,,,,,1.050100583702559,1.8506977595364997
Trend-Retracement-Trading-Strategy-Based-on-RSI-Indicator.md,True,,3.7739513696173157,4.204101241722269,3.343801497512362,3.8382149727839114,3.758593180669513,3.9121848352593873,3.54168989507549,1110.0,1383.0,1435.0,1.430480290181269,1.8931478516198799,-0.09121233689568954,-0.1912320399381085,1.0381501100616308,0.5770096344387994,0.4580735330982382,0.17975828312184072,-0.03040522775998469,-0.044001792215728947,0.927283634759954,1.1381003473106097,1.2626290041291919,1.4307352550927894,0.13911411411411412,3600000.0,,0.0,0.0,2023-09-13 15:33:26,,0.0,0.9999999999999728,0.9999360076167707,44815181294702.47,2.063070932232388,0.0,0.9999993865104113,0.9684226239106893,44790963327759.93,2.063070932232388,1.0326919910352819,1.3466821296109908
Lunar-Phase-Based-Bitcoin-Trading-Strategy.md,True,,3.958931590729133,3.934732620248076,3.9831305612101895,2.4681393502182956,3.931469586827297,3.05956049413607,3.9563028124867836,986.0,133.0,111.0,1.0946962512988758,1.9360085921242183,-0.049080730159258304,-0.040373870010742025,0.7533493438788242,0.3571589501678463,0.2767965010378317,0.014157514832529028,-0.02160894699148811,-0.023757539243587675,0.7654996514388154,1.1203566120516537,0.6129404089808109,1.0295594567902957,0.02028397565922921,86400000.0,date_window_neutralised,0.8721804511278195,0.972972972972973,2024-01-15 12:31:06,,0.0,1.0,0.9999964985562201,44815181294702.47,2.1890809312264183,0.0,1.0,0.9999764844776009,44790963327759.93,2.1890809312264183,0.9429281317452345,0.8212499328855534
Dynamic-EMA-Trend-Following-with-Volatility-Adaptive-Nasdaq-Futures-Trading-Strategy.md,True,,7.503057635507313,5.0802736520832825,9.925841618931342,7.481556345724679,10.807346205961567,6.862375520741241,10.557550724784287,577.0,585.0,631.0,0.7127000346891272,2.7624631134387934,-0.05683846982770459,-0.022020516246168517,0.20464831989348664,0.5120159905854568,-0.006304388402327721,0.12321062210935763,0.029390898124496714,-0.004521120021370922,0.5415100937265055,1.338032011485282,1.0380534499898346,1.638609518310281,0.020652801848642405,3600000.0,,0.8188034188034188,0.9413629160063391,2025-02-27 16:44:56,,0.0,0.9999999999824106,0.9980804051665406,44815181294702.47,2.8626528930563113,0.0,1.0,1.0,44790963327759.93,2.8626528930563113,0.9397710526058938,1.3383314841500578
Dynamic-QQE-Trend-Following-with-Risk-Management-Quantitative-Trading-Strategy.md,True,,4.275864487111897,3.431181226287072,5.1205477479367225,3.7634112259383743,6.153966287000397,3.649777909978613,5.848552559526633,618.0,290.0,308.0,0.6725926898411911,2.5999563789114357,-0.0408787262436384,-0.09004529416841522,-0.08749093065145806,0.17089141923961942,-0.12445790470547335,-0.11524693966408606,0.0398751246808752,-0.013537333759489904,0.527838511288348,1.3170080170831084,0.7842873108534523,1.6134119335453492,0.06472491909385113,10800000.0,,0.0,0.0,2025-01-17 14:43:11,,0.0,0.9999999528298352,0.8496317743403881,44815181294702.47,2.7659055842790887,0.0,0.9999999999999997,0.9999012405029599,44790963327759.93,2.7659055842790887,0.9224232641857282,1.1988496221994007
Bidirectional-Moving-Average-Reversion-Trading-Strategy.md,True,,0.2665598908720329,0.2077684735250223,0.3253513082190435,0.4529587787987203,0.06827029336695693,0.3462652943740256,0.23011426721923064,986.0,39.0,97.0,-0.0475357651577486,-0.6892627428844569,-0.6818407638876369,-0.9973645868472252,0.7533493438788242,0.3571589501678463,0.2767965010378317,0.014157514832529028,-0.2988650881454781,-0.4733049723957427,0.22708318979958628,1.41331605147156,0.35956315650709325,0.0990809620850233,0.959051724137931,3600000.0,date_window_neutralised,0.0,0.0,2024-01-15 12:15:14,,,,,,,,,,,,0.8201996206355731,0.22932205929605828
RSI-Relative-Strength-Index-Strategy.md,True,,5.789401563802277,4.467840210051822,7.110962917552731,6.222054906781509,6.631840989335554,5.513280692683078,6.731315780346251,892.0,1730.0,1642.0,0.6440771993973378,1.8239012463537914,-0.041301872704181015,-0.02987412493358674,0.46801932173033206,0.26163865084658355,0.1162789202339316,-0.051075309043066786,-0.08683547629173008,-0.07737899755509603,0.5222757607454513,1.0642229596119814,1.0211081389741594,1.377084791774319,0.0001868460388639761,3600000.0,,0.9976878612716763,1.0,2024-04-18 16:41:27,,0.0,1.0,0.9999949791745028,44815181294702.47,2.301659527586223,0.0,1.0,1.0,44790963327759.93,2.301659527586223,0.7932493601787164,1.199096465374239
RSI-Reversal-Trading-Strategy-432118.md,True,,6.287764430686266,6.463466944082153,6.112061917290379,6.053171465444988,6.111944536396916,6.131210891732635,6.039751186967047,1048.0,1203.0,1181.0,0.9077457837557745,1.451599869307587,-0.04243213433458041,-0.05920651759713946,0.8176185012246032,0.4708796448063471,0.31663124373810536,0.09717283945643862,-0.004044413726729146,-0.016357395254097795,0.6530673616444314,0.9139981132524017,0.8683704144320561,1.2323042390764922,0.012245547073791349,3600000.0,,0.9177057356608479,0.8221845893310754,2023-11-14 16:49:02,,0.0,1.0,1.0,44815181294702.47,2.1232766917772494,0.0,1.0,0.9999999999941743,44790963327759.93,2.1232766917772494,0.7835327374484164,1.0503373267542742
Multi-Timeframe-Donchian-Channel-and-ATR-Dynamic-Interval-Volatility-Following-Trading-Strategy.md,True,,0.7460592438817761,0.2184914687750633,1.273627018988489,0.7164672456365161,0.49718028563117095,0.6221338139572337,0.7640556775331822,543.0,158.0,143.0,-0.06224581997105938,0.7874445905809337,-0.6809565153445294,-0.9529540590685103,0.21631860241877257,0.721201712560161,0.0022574035628959432,0.30123941707611857,1.5055651603989222,2.952636855100001,0.0021490522023460412,1.5089180411003664,0.21642016965373737,0.073506124361748,78.22107120933087,3600000.0,,0.0,0.0,2025-04-02 11:05:13,,,,,,,,,,,,0.7555335466513562,0.14496314700774268
Trend-Following-Strategy-Based-on-Bollinger-Band-Oscillator.md,True,,4.2309943120260325,4.729201508478149,3.732787115573915,3.8705596387385737,4.041760927275514,3.930179350035542,3.8828727158134773,1083.0,115.0,110.0,0.8028928375281597,1.3678649142759047,-0.0013190686373760658,-0.062032113550401835,1.0435860284409062,0.6026806562260064,0.46527759053855156,0.19963208969157487,0.0104928797644186,-0.03949128775484655,0.592478625033966,0.9055228764313115,1.0080489665002987,1.0089137823877616,0.0009233610341643582,86400000.0,,0.991304347826087,0.9818181818181818,2023-10-10 10:54:05,,0.0,1.0,1.0,44815181294702.47,2.088653041624589,0.0,1.0,0.9999965103273989,44790963327759.93,2.088653041624589,0.7490007507326387,1.0084813744440302
Dynamic-Volatility-Driven-High-Frequency-EMA-Crossover-Quantitative-Strategy.md,True,,4.173619119294441,3.23222373631581,5.115014502273073,2.3393477008399857,4.850559603604342,2.535296550394755,4.902806909491327,629.0,74.0,80.0,0.5822358000267838,1.6841436845280393,-0.04997314098763713,-0.033498090933108904,0.018254510320998014,0.156117118389668,-0.08310133037367962,-0.12446632374207689,0.01690896283546623,-0.014017242664566323,0.4694035581630898,1.00899054966349,0.4644182687956189,1.1713474461044366,0.02066772655007949,86400000.0,,0.8378378378378378,0.9625,2025-01-06 16:46:56,,0.0,0.9999986408504816,0.7617969627085461,44815181294702.47,2.7415748744778443,0.0,1.0,0.9999999998074502,44790963327759.93,2.7415748744778443,0.7391970539132899,0.8178828574500278
High-Performance-Algorithmic-Trading-Strategy-Based-on-Quantitative-Models.md,True,,4.228937082628137,4.521363185410948,3.9365109798453264,2.9655789065053604,3.1063987339884758,3.378242952628326,3.43949666708616,1010.0,91.0,80.0,0.8138038892941231,1.1807747477001507,-0.0013702821685011746,-0.0012952180587781678,0.7294370974465377,0.41667022307849017,0.2631641791703587,0.05625478554146923,-0.002187223662821002,-0.02039601714213307,0.6053638173035858,0.806003314941719,0.7161792697405776,0.8116247156773381,0.0,86400000.0,,1.0,1.0,2023-12-22 13:14:33,,0.0,1.0,1.0,44815181294702.47,2.1628895883206436,0.0,1.0,0.9999999998734961,44790963327759.93,2.1628895883206436,0.7056835661226524,0.7639019927089579
EMA9-20Dual-Moving-Average-Crossover-Strategy-EMA9-20.md,True,,1.9910201864734127,2.259438131273822,1.7226022416730036,2.6311627213786455,2.6042706763113563,2.4591855441004657,2.213187096910999,933.0,215.0,220.0,0.8207658017422736,0.9273408762318007,-0.23148271068967957,-0.4268362137425392,0.3994568027507916,0.1291967776872485,0.08121119101800645,-0.13625941218210924,-0.07166065336069931,0.0839395977020423,0.6528028583588626,0.7423233418261026,1.0536235998190702,1.151656807265171,0.33011789924973206,86400000.0,,0.8186046511627907,0.8363636363636363,2024-03-08 15:22:50,,,,,,,,,,,,0.6975631000924827,1.1026402035421206
Scalping-Strategy-based-on-RSI-Indicator-with-Trailing-Stop-Loss.md,True,,5.5925878637958535,2.5326824007535644,8.652493326838142,6.548345429860799,10.856986169714581,4.791738167853428,9.492541609666251,1020.0,1792.0,1093.0,0.31260861634000636,1.9332755411061031,-0.19392346223808637,-0.003620734063706961,0.7400785377902878,0.4262969624025177,0.2691608481693297,0.06372172878079274,0.0010115212265210936,0.0002782439660633417,0.2777404429409101,1.0853445568040705,1.0110852847671428,2.5065439569313015,0.03370098039215686,3600000.0,,0.6741071428571429,0.9414455626715462,2023-12-12 15:46:49,,0.0,0.9999989151881685,0.7616227402316036,44815181294702.47,2.152250617816452,0.0,1.0,1.0,44790963327759.93,2.152250617816452,0.6815424998724903,1.7588146208492221
Dynamic-ATR-Trailing-Stop-Trading-Strategy-Market-Volatility-Adaptive-System.md,True,,1.4932544203342601,1.7356781601817273,1.2508306804867932,0.16524113259580966,0.529775929646186,0.47760942553536195,0.696777707053532,572.0,21.0,23.0,0.813874787318636,0.8254679610703575,-0.21886613205446193,-0.40141675808593363,0.09134219349046468,0.5072806812123896,-0.0507984004115134,0.12311552012148375,-0.03644476995829703,0.3213927884499173,0.6710186448880219,0.6913850461593704,0.11833148169027918,0.47674424323085607,0.9825174825174825,86400000.0,,0.0,0.0,2025-03-04 11:03:58,,,,,,,,,,,,0.6812018455236961,0.2975378624605676
Momentum-Breakout-Strategy-429950.md,True,,4.598408917046078,5.02331748254481,4.1735003515473466,6.2492638276802674,5.878229573374406,5.5921837407934865,5.048709376992153,1070.0,1211.0,1154.0,0.7914969328886172,1.163257539891415,-0.057472564431401474,-0.10734657268940977,0.8873883058756261,0.5400362497107208,0.3595684277639115,0.14995493491746958,0.05118872274176238,0.05575667648241388,0.5689832336951227,0.7698885056654483,1.134486144063658,1.399383427108232,0.03014018691588785,3600000.0,,0.7886044591246903,0.6707105719237435,2023-10-23 15:17:45,,0.0,1.0,0.9999999132244383,44815181294702.47,2.101314612266838,0.0,0.9999999999994874,0.9997989271603563,44790963327759.93,2.101314612266838,0.6694358696802856,1.266934785585945
Crossing-Strategy-Between-Bollinger-Bands-and-Hull-Indicator.md,True,,5.384976626292758,4.934068535042004,5.835884717543513,6.233636939287988,5.941172868183608,5.465638306168339,5.822128735248385,1024.0,1937.0,1954.0,0.43863272784915974,1.4351579303840873,-0.036643981321117944,-0.07192396403865675,0.7227227268783504,0.4073662214363777,0.2590426496778133,0.050214907760161465,-0.003218582285768635,-0.015185133241991552,0.36773157069284534,0.9072689405644151,0.9395177074207707,1.2597836738359718,0.012288411458333334,1800000.0,,0.8879710893133712,0.8014329580348004,2023-12-08 11:58:07,,0.0,0.9999999999999876,0.9999916266634932,44815181294702.47,2.148038773040667,0.0,1.0,0.9999999353934865,44790963327759.93,2.148038773040667,0.6375002556286302,1.0996506906283712
Breakout-Zone-Momentum-Trading-Strategy.md,True,,1.223992311582284,0.7825868953593544,1.6653977278052137,0.5927887393037953,0.18819191771236285,0.6522693557099531,0.6847783582446973,790.0,54.0,29.0,0.26573917400384683,1.2107149301506541,-0.28252323509822347,-0.3734604597753982,0.4622758194145165,0.21324186932101155,0.11330708666438372,-0.08769762947003301,-0.03274251001515417,0.05393544544376158,0.32435956772712815,0.9470681511222949,0.31640278269763233,0.10319501291240156,0.9468354430379747,86400000.0,,0.0,0.0,2024-07-29 17:00:01,,,,,,,,,,,,0.6357138594247116,0.20979889780501695
