universe,family,config,regime,seconds,n_rejections,dev_n,dev_days,dev_net,dev_exp,dev_pf,dev_win,val_n,val_days,val_net,val_exp,val_exp_r,val_pf,val_win,val_ci95,val_p_le0,val_ex_best_trade,val_ex_best_day,val_windows_pos,val_windows_n,val_windows_with_trades,val_net_long,val_net_short,val_n_long,val_n_short,val_cost_share,val_maxdd,val_hold_min,devval_final_equity,devval_shadow_equity,devval_paused,devval_paused_at,devval_exposure,devval_acct_maxdd,trades_file,val_by_sym_net,val_syms_positive,is_base,trial_id,adv_val_exp,adv_val_net,adv_val_pf,gate_pf,gate_adverse,gate_windows,gate_sample,gate_ex_best,gates_passed
stocks,F1,"F1:ma_trend(atr_mult=2.0, fast=10, filter=False, slow=40, tf=15m)",base,4.4,3.0,56,40.0,-9.630495365718478,-0.1719731315306871,0.7295064476498627,0.5,28,25.0,-2.1941491454168456,-0.078362469479173,-0.078362469479173,0.7729465110579768,0.5714285714285714,"[-0.33615732281876853, 0.19300798183934742]",0.707,-3.612244767093703,-3.612244767093703,2,3,3.0,-1.143125332916236,-1.0510238125006095,14.0,14.0,0.1783898797503621,5.627441628948691,294.9430443827381,87.88247648965799,87.88879367842763,True,2026-07-17 14:09:43.481831+00:00,0.1393233159562506,12.11752351034201,F1_ma_trend_39834940_base.parquet,"{'xyz:GOOGL': -0.06, 'xyz:META': 0.52, 'xyz:MU': 1.43, 'xyz:NVDA': -2.5, 'xyz:SNDK': -1.59}",2.0,,1,-0.109173306253365,-3.05685257509422,0.6907561183111574,False,False,True,False,False,1
stocks,F1,"F1:ma_trend(atr_mult=2.0, fast=10, filter=True, slow=40, tf=15m)",base,4.6,0.0,0,,0.0,,,,0,,0.0,,,,,,,,,0,3,0.0,,,,,,,,,,,,,,,,,,2,,0.0,,False,False,False,False,False,0
stocks,F1,"F1:ma_trend(atr_mult=2.0, fast=20, filter=False, slow=80, tf=15m)",base,4.0,1.0,41,32.0,2.744471984154972,0.0669383410769505,1.1450750051195049,0.4146341463414634,25,23.0,1.975760837828666,0.0790304335131466,0.0790304335131466,1.241536586708777,0.64,"[-0.2428367555089937, 0.4203407564556283]",0.322,0.0720951220569616,0.0720951220569616,2,3,3.0,-2.868410423537557,4.844171261366223,11.0,14.0,0.1302788639338563,2.7838444377252047,277.0676294113333,104.5431664258943,104.5431664258943,False,,0.1072268220382295,7.802560194145229,F1_ma_trend_35237887_base.parquet,"{'xyz:GOOGL': 0.11, 'xyz:META': -0.25, 'xyz:MU': -0.52, 'xyz:NVDA': 1.85, 'xyz:SNDK': 0.78}",3.0,,3,0.0472209981308348,1.180524953270872,1.1442803206003884,False,True,True,False,True,3
stocks,F1,"F1:ma_trend(atr_mult=2.0, fast=20, filter=True, slow=80, tf=15m)",base,4.4,0.0,0,,0.0,,,,0,,0.0,,,,,,,,,0,3,0.0,,,,,,,,,,,,,,,,,,4,,0.0,,False,False,False,False,False,0
stocks,F2,"F2:bb_mr(k=2.0, max_bars=8, n=20, regime=False, tf=15m)",base,5.1,23.0,94,42.0,-22.843071676571306,-0.2430114008145883,0.5287124742271851,0.3936170212765957,58,27.0,-15.431321721609114,-0.2660572710622261,-0.2660572710622261,0.3727863304704643,0.293103448275862,"[-0.42670867710459554, -0.12179969514220342]",1.0,-16.693136088293876,-16.041221582462093,0,3,3.0,-4.514242571759503,-10.91707914984961,29.0,29.0,0.3434582093660005,16.064624486534818,73.95725181810344,89.1655639411883,61.72560660181964,True,2026-06-09 15:37:37.120195+00:00,0.0815700705305121,10.964115642252551,F2_bb_mr_28727861_base.parquet,"{'xyz:GOOGL': -3.7, 'xyz:META': -3.5, 'xyz:MU': -5.12, 'xyz:NVDA': -0.64, 'xyz:SNDK': -2.47}",0.0,,5,-0.2912576143249209,-16.892941630845414,0.3282360032235888,False,False,False,True,False,1
stocks,F2,"F2:bb_mr(k=2.0, max_bars=8, n=20, regime=True, tf=15m)",base,4.9,13.0,47,32.0,-12.903259530996646,-0.2745374368297159,0.4116492330062207,0.3617021276595745,32,22.0,-10.61424641357863,-0.3316952004243322,-0.3316952004243322,0.2352027980684888,0.34375,"[-0.5263059637108367, -0.15854041597286034]",1.0,-11.353799244114525,-11.159854541756904,0,3,3.0,-4.197387691605569,-6.416858721973061,18.0,14.0,0.5962268953426685,10.66139443409877,54.421387469270826,89.3868610590833,76.48249405542467,True,2026-07-16 15:52:41.006023+00:00,0.0366963099253807,10.6131389409167,F2_bb_mr_70897870_base.parquet,"{'xyz:GOOGL': -2.99, 'xyz:META': -2.88, 'xyz:MU': -3.25, 'xyz:NVDA': -0.34, 'xyz:SNDK': -1.15}",0.0,,6,-0.356095459786538,-11.395054713169218,0.197813978176949,False,False,False,True,False,1
stocks,F2,"F2:bb_mr(k=2.5, max_bars=8, n=20, regime=False, tf=15m)",base,4.7,27.0,65,42.0,-2.4485336622574563,-0.0376697486501147,0.9240723742338,0.4615384615384615,37,27.0,-4.677451929597535,-0.1264176197188523,-0.1264176197188523,0.7521266308528317,0.4324324324324324,"[-0.48581446182948096, 0.2130541499801974]",0.769,-7.434972017556927,-7.22637327387161,1,3,3.0,4.495474657534314,-9.172926587131847,17.0,20.0,0.1517946660794438,8.40653867107533,80.22733180630632,89.8640608302421,92.87401440814506,True,2026-06-29 14:37:30.528812+00:00,0.0593887355616886,10.135939169757904,F2_bb_mr_87018847_base.parquet,"{'xyz:GOOGL': -2.22, 'xyz:META': 0.4, 'xyz:MU': -2.09, 'xyz:NVDA': 1.44, 'xyz:SNDK': -2.2}",2.0,,7,-0.1544150735959678,-5.71335772305081,0.6954394331420771,False,False,False,True,False,1
stocks,F2,"F2:bb_mr(k=2.5, max_bars=8, n=20, regime=True, tf=15m)",base,4.7,7.0,38,30.0,-9.560764193953013,-0.2515990577356056,0.4844403606710569,0.3684210526315789,23,20.0,-10.874007940768411,-0.4727829539464526,-0.4727829539464526,0.1850141478133611,0.3478260869565217,"[-0.8334681200272213, -0.1798515489549698]",1.0,-11.63199837649772,-11.63199837649772,0,3,3.0,-2.688508590021716,-8.185499350746694,12.0,11.0,0.5352455940356025,10.921155961288552,60.75799031376811,89.2906731556465,79.56522786527857,True,2026-07-10 15:22:30.113825+00:00,0.0309720944495553,10.709326844353498,F2_bb_mr_21772563_base.parquet,"{'xyz:GOOGL': -1.81, 'xyz:META': -1.59, 'xyz:MU': -1.74, 'xyz:NVDA': -1.43, 'xyz:SNDK': -4.3}",0.0,,8,-0.4865523145051471,-11.190703233618382,0.1615861873117693,False,False,False,False,False,0
stocks,F3,"F3:vol_comp_bo(pct=0.1, tf=15m, trail_atr=2.0)",base,5.2,5.0,11,11.0,3.463830603912979,0.3148936912648162,2.2736588825080486,0.7272727272727273,6,6.0,-1.109898506984898,-0.184983084497483,-0.184983084497483,0.4345127793914872,0.5,"[-0.7350299920437704, 0.2850784826456097]",0.747,-1.8546187313944644,-1.8546187313944644,0,3,2.0,0.2008788393729722,-1.3107773463578705,3.0,3.0,0.2735444106191936,1.918137954499784,175.16690594166667,102.35393209692808,102.35393209692808,False,,0.0258611877747112,1.918137954499784,F3_vol_comp_bo_9724871_base.parquet,"{'xyz:GOOGL': -0.6, 'xyz:MU': 0.01, 'xyz:NVDA': -0.57, 'xyz:SNDK': 0.05}",2.0,,9,-0.2064490360251895,-1.2386942161511374,0.3786535013832075,False,False,False,False,False,0
stocks,F3,"F3:vol_comp_bo(pct=0.2, tf=15m, trail_atr=2.0)",base,5.1,6.0,21,20.0,-3.673406696297992,-0.1749241283951424,0.6093390242306267,0.5238095238095238,9,9.0,-1.4015869547207749,-0.1557318838578638,-0.1557318838578638,0.4413573744680541,0.4444444444444444,"[-0.5283214389389879, 0.16121352074343848]",0.796,-2.146307179130341,-2.146307179130341,0,3,2.0,-0.0600690785497964,-1.341517876170978,4.0,5.0,0.3762966896392776,1.918137954499784,178.4771929425926,94.92500634898124,94.92500634898124,False,,0.0415005621997342,5.591544650797786,F3_vol_comp_bo_82217119_base.parquet,"{'xyz:GOOGL': -0.43, 'xyz:MU': -0.04, 'xyz:NVDA': -0.57, 'xyz:SNDK': -0.35}",0.0,,10,-0.1883693661510393,-1.695324295359354,0.3632441275384387,False,False,False,False,False,0
stocks,F1,"F1:ma_trend(atr_mult=2.0, fast=10, filter=False, slow=40, tf=1h)",base,4.5,3.0,24,24.0,1.1930858987568755,0.0497119124482031,1.2387137502937433,0.4166666666666667,18,18.0,1.1463859575313091,0.0636881087517394,0.0636881087517394,1.5825675035989852,0.3888888888888889,"[-0.10449994198175709, 0.2712351173474977]",0.268,-0.2908863972396147,-0.2908863972396147,3,3,3.0,-0.1101475909298092,1.2565335484611189,11.0,7.0,0.1276527673552336,0.6856870707012181,250.3435572101852,102.33947185628814,102.33947185628814,False,,0.0664417867729735,2.781376447881229,F1_ma_trend_62455420_base.parquet,"{'xyz:GOOGL': 1.19, 'xyz:META': -0.33, 'xyz:MU': 0.1, 'xyz:NVDA': -0.14, 'xyz:SNDK': 0.33}",3.0,,11,0.0486168627668109,0.8751035298025968,1.4209338721571334,True,True,True,False,False,3
stocks,F1,"F1:ma_trend(atr_mult=2.0, fast=10, filter=True, slow=40, tf=1h)",base,4.5,0.0,0,,0.0,,,,0,,0.0,,,,,,,,,0,3,0.0,,,,,,,,,,,,,,,,,,12,,0.0,,False,False,False,False,False,0
stocks,F1,"F1:ma_trend(atr_mult=2.0, fast=20, filter=False, slow=80, tf=1h)",base,4.5,3.0,19,19.0,1.3383053986943527,0.0704371262470712,1.5091721631096144,0.4736842105263157,8,8.0,-0.5462112170123481,-0.0682764021265435,-0.0682764021265435,0.1705952294715612,0.5,"[-0.1777147670285337, 0.015775650619973644]",0.908,-0.6028106228943678,-0.6028106228943678,0,3,3.0,-0.0088368284362237,-0.5373743885761242,2.0,6.0,1.4141026624632171,0.5471268143121629,202.1096363083333,100.79209418168205,100.79209418168205,False,,0.0371051824593682,1.723165273602163,F1_ma_trend_98178410_base.parquet,"{'xyz:GOOGL': -0.22, 'xyz:META': 0.05, 'xyz:MU': -0.38, 'xyz:SNDK': 0.0}",2.0,,13,-0.0796216926235393,-0.6369735409883147,0.1169872753431897,False,False,False,False,False,0
stocks,F1,"F1:ma_trend(atr_mult=2.0, fast=20, filter=True, slow=80, tf=1h)",base,4.5,0.0,0,,0.0,,,,0,,0.0,,,,,,,,,0,3,0.0,,,,,,,,,,,,,,,,,,14,,0.0,,False,False,False,False,False,0
stocks,F2,"F2:bb_mr(k=2.0, max_bars=8, n=20, regime=False, tf=1h)",base,4.7,0.0,48,39.0,0.3155612856498455,0.0065741934510384,1.0303418110206994,0.5833333333333334,34,26.0,-0.7402072862539153,-0.0217708025368798,-0.0217708025368798,0.860538165479767,0.5588235294117647,"[-0.16775123967578168, 0.10521557223173321]",0.642,-1.8714505302873687,-1.8714505302873687,2,3,3.0,-0.593993576162824,-0.1462137100910913,14.0,20.0,0.2490489896503727,2.381079087778004,158.8921207348039,99.616913009589,99.616913009589,False,,0.0832055606664622,3.9800895769345033,F2_bb_mr_85647168_base.parquet,"{'xyz:GOOGL': 0.31, 'xyz:META': -0.52, 'xyz:MU': 0.49, 'xyz:NVDA': -3.05, 'xyz:SNDK': 2.03}",3.0,,15,-0.0415884201284458,-1.414006284367158,0.7393868644177177,False,False,True,True,False,2
stocks,F2,"F2:bb_mr(k=2.0, max_bars=8, n=20, regime=True, tf=1h)",base,5.0,0.0,42,34.0,-2.8532883907099733,-0.0679354378740469,0.7326878756233062,0.5238095238095238,23,17.0,0.3286896260086114,0.0142908533047222,0.0142908533047222,1.1255802347847512,0.5217391304347826,"[-0.10051426369276553, 0.11640376281073163]",0.382,-0.3515873163152174,-0.1613200288376275,2,3,3.0,0.8298210876350822,-0.5011314616264708,9.0,14.0,0.2540959086977187,1.1740907802651648,138.47628756884058,97.51696024549172,97.51696024549172,False,,0.062557497700092,4.448397010915102,F2_bb_mr_33715970_base.parquet,"{'xyz:GOOGL': 0.72, 'xyz:META': 0.49, 'xyz:MU': 0.49, 'xyz:NVDA': -2.02, 'xyz:SNDK': 0.65}",4.0,,16,-0.0083940405562203,-0.1930629327930682,0.9292706209459628,False,False,True,False,False,1
stocks,F2,"F2:bb_mr(k=2.5, max_bars=8, n=20, regime=False, tf=1h)",base,4.7,1.0,46,39.0,-4.783408796816922,-0.1039871477568896,0.728381701531322,0.5,28,24.0,-3.825324291845036,-0.1366187247087512,-0.1366187247087512,0.3771777283333918,0.3571428571428571,"[-0.2658659765305824, -0.00010799549412494112]",0.975,-4.775446091675362,-4.775446091675362,1,3,3.0,-2.660985186775543,-1.1643391050694936,14.0,14.0,0.3732344419522122,5.117820583254127,190.784864704762,92.2351297823195,90.90763952843363,True,2026-08-06 22:07:57.641529+00:00,0.0811611979965245,10.324707252871292,F2_bb_mr_34745707_base.parquet,"{'xyz:GOOGL': -0.91, 'xyz:META': -0.88, 'xyz:MU': 0.62, 'xyz:NVDA': -2.75, 'xyz:SNDK': 0.1}",2.0,,17,-0.1470206338366569,-4.116577747426393,0.3391090669433272,False,False,False,False,False,0
stocks,F2,"F2:bb_mr(k=2.5, max_bars=8, n=20, regime=True, tf=1h)",base,4.8,0.0,37,32.0,-11.08521654718513,-0.2996004472212197,0.3436960097124948,0.3243243243243243,22,18.0,-2.7767558261796155,-0.1262161739172552,-0.1262161739172552,0.3881703919979011,0.3181818181818182,"[-0.2622128002140838, 0.026641062675434722]",0.952,-3.7268776260099417,-3.7268776260099417,1,3,3.0,-1.4368282066908056,-1.33992761948881,9.0,13.0,0.3807467798263608,4.0692521175887055,172.80391207803032,88.95931185983906,85.65440024373092,True,2026-07-14 18:44:59.902255+00:00,0.0623530614330982,11.040688140160938,F2_bb_mr_20448718_base.parquet,"{'xyz:GOOGL': -0.22, 'xyz:META': 0.03, 'xyz:MU': 0.35, 'xyz:NVDA': -2.92, 'xyz:SNDK': -0.01}",2.0,,18,-0.1365953695614427,-3.005098130351741,0.3497329283296915,False,False,False,False,False,0
stocks,F3,"F3:vol_comp_bo(pct=0.1, tf=1h, trail_atr=2.0)",base,4.8,0.0,16,15.0,4.279089576154522,0.2674430985096576,2.6747991323763443,0.6875,13,12.0,1.318938590122301,0.1014568146247923,0.1014568146247923,1.4851321854138384,0.6153846153846154,"[-0.2782151840671714, 0.5740848130065365]",0.328,-0.713106686594474,-0.713106686594474,2,3,3.0,0.1927451612514858,1.126193428870815,2.0,11.0,0.1083066472596496,1.33387673703926,252.33317291410256,105.36720165040424,105.36720165040424,False,,0.0518245936829193,1.3338767370392477,F3_vol_comp_bo_69948422_base.parquet,"{'xyz:GOOGL': -0.5, 'xyz:META': -1.59, 'xyz:MU': 0.24, 'xyz:NVDA': 1.96, 'xyz:SNDK': 1.2}",3.0,,19,0.0840690939114528,1.0928982208488869,1.3981382996134326,True,True,True,False,False,3
stocks,F3,"F3:vol_comp_bo(pct=0.2, tf=1h, trail_atr=2.0)",base,4.8,4.0,22,21.0,1.451750889731256,0.0659886768059661,1.3293331992008035,0.5454545454545454,13,12.0,-1.3186166735998448,-0.1014320518153726,-0.1014320518153726,0.5914607438810001,0.4615384615384615,"[-0.3647241710083706, 0.21474340872331757]",0.742,-2.521718213104173,-2.521718213104173,0,3,3.0,-0.3161724310317522,-1.0024442425680926,4.0,9.0,0.2129932352831055,1.756542113850157,261.5673076,99.90230770025882,99.90230770025882,False,,0.06163753449862,1.9639505719425607,F3_vol_comp_bo_15529191_base.parquet,"{'xyz:GOOGL': -0.59, 'xyz:META': -1.59, 'xyz:MU': 0.24, 'xyz:NVDA': -0.16, 'xyz:SNDK': 0.78}",2.0,,20,-0.1109813116194808,-1.4427570510532504,0.5588834988309187,False,False,False,False,False,0
stocks,F5,"F5:trend_pullback(defn=A, max_bars=16, target_r=1.5)",base,4.9,6.0,83,42.0,-8.718337943041726,-0.1050402161812256,0.7705336041786984,0.4457831325301205,51,27.0,-11.008581789159033,-0.2158545448854712,-0.2158545448854712,0.5105434772364481,0.3529411764705882,"[-0.4097281801933137, 0.002316762045794071]",0.971,-13.413406864961662,-13.390881921850797,1,3,3.0,-9.20754850207184,-1.801033287087191,23.0,28.0,0.2211048888622602,13.825859279797218,163.32638278006536,94.46991677907688,80.71326276322556,True,2026-06-05 14:07:23.836538+00:00,0.1321680466114689,10.235207177365185,F5_trend_pullback_6362139_base.parquet,"{'xyz:GOOGL': 1.91, 'xyz:META': -6.37, 'xyz:MU': -4.44, 'xyz:NVDA': -1.79, 'xyz:SNDK': -0.33}",1.0,,21,-0.2368353508026079,-12.078602890933004,0.4703180551421357,False,False,False,True,False,1
stocks,F5,"F5:trend_pullback(defn=A, max_bars=16, target_r=2.0)",base,4.6,7.0,79,42.0,-7.116692071626658,-0.090084709767426,0.8129805271400276,0.4177215189873418,51,27.0,-11.248333112866591,-0.2205555512326783,-0.2205555512326783,0.5119887517468485,0.3529411764705882,"[-0.4105686858828648, -0.017551111969413984]",0.981,-13.722923743754135,-13.241462216183027,1,3,3.0,-9.506109392911018,-1.7422237199555777,23.0,28.0,0.2194525598988238,13.69876522904752,161.99902425163395,94.46137362636854,82.07515731093304,True,2026-06-05 14:07:23.836538+00:00,0.1337013186139221,10.447444491048955,F5_trend_pullback_65699219_base.parquet,"{'xyz:GOOGL': 1.45, 'xyz:META': -6.4, 'xyz:MU': -4.44, 'xyz:NVDA': -1.81, 'xyz:SNDK': -0.04}",1.0,,22,-0.2416009280433781,-12.321647330212286,0.4722637323408953,False,False,False,True,False,1
stocks,F5,"F5:trend_pullback(defn=B, max_bars=16, target_r=1.5)",base,4.5,2.0,72,42.0,-10.554745640350422,-0.1465936894493114,0.6871576298956698,0.4583333333333333,43,27.0,-11.564789458014744,-0.2689485920468545,-0.2689485920468545,0.4546773376468929,0.3720930232558139,"[-0.5237963635653998, 0.036100176698625086]",0.951,-13.969614533817373,-15.286593362082389,1,3,3.0,-5.278505306400827,-6.286284151613918,18.0,25.0,0.2383220420323366,14.201826950034992,176.22628249302326,92.03883345846504,78.3733929964792,True,2026-06-05 19:07:29.704523+00:00,0.1221506695287744,10.13707650931191,F5_trend_pullback_78731027_base.parquet,"{'xyz:GOOGL': -0.37, 'xyz:META': -5.64, 'xyz:MU': -0.3, 'xyz:NVDA': -5.82, 'xyz:SNDK': 0.56}",1.0,,23,-0.2923637500957891,-12.57164125411893,0.4160574328316618,False,False,False,True,False,1
stocks,F5,"F5:trend_pullback(defn=B, max_bars=16, target_r=2.0)",base,4.9,2.0,69,42.0,-9.78611039997914,-0.1418276869562194,0.7058402218387778,0.4202898550724637,43,27.0,-11.321730853791882,-0.263296066367253,-0.263296066367253,0.4679673409915764,0.3720930232558139,"[-0.5191614374369885, 0.04430217845686417]",0.947,-13.796321484679424,-15.13238696262944,1,3,3.0,-5.065480068065531,-6.256250785726349,18.0,25.0,0.2317493377255522,14.048678358008791,177.60118621821704,92.15983386991756,79.39011671959216,True,2026-06-05 19:07:29.704523+00:00,0.1228661964632525,10.18615519989352,F5_trend_pullback_9883134_base.parquet,"{'xyz:GOOGL': -0.38, 'xyz:META': -5.64, 'xyz:MU': -0.3, 'xyz:NVDA': -5.85, 'xyz:SNDK': 0.84}",1.0,,24,-0.2869368620955566,-12.338285070108936,0.4286556348880679,False,False,False,True,False,1
stocks,F6,"F6:orb(or_min=30, target_r=2.0)",base,3.8,14.0,72,41.0,-6.3923404678826765,-0.0887825064983705,0.8047463568668254,0.4444444444444444,34,26.0,-0.4586337253763716,-0.0134892272169521,-0.0134892272169521,0.9471618313920396,0.5,"[-0.2553248334710914, 0.23344748681552346]",0.519,-2.54322078909313,-2.812220544133502,1,3,3.0,-3.292307073309759,2.833673347933386,15.0,19.0,0.1324242179218314,5.381881462651923,246.77310480490195,91.44567837695756,92.94244834463667,True,2026-06-05 14:37:31.823945+00:00,0.1427987324951446,10.185397620530424,F6_orb_91048706_base.parquet,"{'xyz:GOOGL': 1.27, 'xyz:META': -0.69, 'xyz:MU': 0.29, 'xyz:NVDA': -0.07, 'xyz:SNDK': -1.27}",2.0,,25,-0.0342867963782276,-1.1657510768597397,0.8663267428190846,False,False,False,True,False,1
stocks,F6,"F6:orb(or_min=30, target_r=None)",base,3.7,11.0,60,41.0,-11.087838234144636,-0.1847973039024106,0.6485966859741304,0.4166666666666667,29,26.0,-0.8873124256866922,-0.0305969801960928,-0.0305969801960928,0.8897061774843996,0.5172413793103449,"[-0.2874081466743544, 0.2709965576142416]",0.561,-3.5204986894092625,-3.5204986894092625,1,3,3.0,-4.027344433721618,3.1400320080349253,13.0,16.0,0.1205954352348228,5.381881462651923,291.90997541666667,91.50989522679602,87.81827187806442,True,2026-06-05 14:37:31.823945+00:00,0.1437186956966165,10.132630748630916,F6_orb_1320256_base.parquet,"{'xyz:GOOGL': -0.47, 'xyz:META': -0.69, 'xyz:MU': -0.35, 'xyz:NVDA': 0.99, 'xyz:SNDK': -0.37}",1.0,,26,-0.0495699486272921,-1.4375285101914723,0.821802069727055,False,False,False,False,False,0
stocks,F6,"F6:orb(or_min=60, target_r=2.0)",base,3.8,4.0,55,41.0,-0.048859532687368,-0.0008883551397703,0.9977936352854038,0.509090909090909,39,27.0,-8.606771369805404,-0.2206864453796257,-0.2206864453796257,0.4540557680143564,0.4102564102564102,"[-0.4069268414025545, -0.010578796988136888]",0.981,-10.124276206821373,-10.041389006971237,0,3,3.0,-3.624721680465104,-4.982049689340302,19.0,20.0,0.2517051533780349,8.606771369805404,193.16130884444445,92.05815508269112,91.0242665433814,True,2026-08-21 15:52:58.211161+00:00,0.1278748850045998,10.078088190974896,F6_orb_56923557_base.parquet,"{'xyz:GOOGL': 0.05, 'xyz:META': -0.57, 'xyz:MU': 0.34, 'xyz:NVDA': -0.32, 'xyz:SNDK': -8.11}",2.0,,27,-0.2449179399305053,-9.551799657289708,0.4046296314634101,False,False,False,True,False,1
stocks,F6,"F6:orb(or_min=60, target_r=None)",base,3.9,4.0,51,41.0,-0.6310712639840851,-0.0123739463526291,0.970427373338322,0.5098039215686274,36,27.0,-9.070050056818774,-0.2519458349116326,-0.2519458349116326,0.4168170984505902,0.4166666666666667,"[-0.4482890072199473, -0.029708119988152728]",0.985,-10.750743810234203,-10.750743810234203,0,3,3.0,-3.508954160503288,-5.561095896315488,17.0,19.0,0.26076063478067,9.070050056818776,210.92575702175924,92.09463408408284,89.97877612507133,True,2026-08-20 19:23:02.274955+00:00,0.1279771031380967,10.041609189583198,F6_orb_89930649_base.parquet,"{'xyz:GOOGL': 0.64, 'xyz:META': -1.72, 'xyz:MU': 0.49, 'xyz:NVDA': -1.0, 'xyz:SNDK': -7.48}",2.0,,28,-0.2750512883765507,-9.901846381555824,0.3735720972593592,False,False,False,True,False,1
stocks,B0,B0:baseline_session_long(),base,3.6,90.0,43,42.0,2.7447654285277503,0.0638317541518081,1.352886808280015,0.5116279069767442,26,26.0,-0.791739227738998,-0.0304515087591922,-0.0304515087591922,0.7842165615118487,0.3846153846153846,"[-0.16291965232219444, 0.0985571168359658]",0.694,-1.841647544164923,-1.841647544164923,0,3,3.0,-0.791739227738998,0.0,26.0,0.0,0.0881392827557718,1.6187516331033809,360.9113576557692,101.7820449023994,101.7820449023994,False,,0.1595625063886333,2.4181272722259166,B0_baseline_session_long_5922197_base.parquet,"{'xyz:MU': -1.11, 'xyz:NVDA': 1.32, 'xyz:SNDK': -1.01}",1.0,,29,-0.0366784575838828,-0.953639897180953,0.7443351441382907,False,False,False,False,False,0
stocks,F1b,"F1b:ma_trend(atr_mult=2.0, fast=10, filter=True, slow=40, tf=15m)",base,3.9,1.0,36,35.0,23.22100809876692,0.6450280027435255,3.644520185030742,0.5555555555555556,25,24.0,-0.2368773018624672,-0.0094750920744986,-0.0094750920744986,0.954450850807464,0.48,"[-0.21438407630663053, 0.18557480703337498]",0.565,-1.184934205293406,-1.184934205293406,1,3,3.0,-0.1859832427385347,-0.0508940591239326,12.0,13.0,0.1964446406945587,2.565682069634511,289.24587295733335,122.83624235506716,122.83624235506716,False,,0.1169375447204334,3.0370005419786708,F1b_ma_trend_99250138_base.parquet,"{'xyz:GOOGL': 1.56, 'xyz:META': -0.33, 'xyz:MU': 1.41, 'xyz:NVDA': -1.69, 'xyz:SNDK': -1.19}",2.0,,88,-0.0382459340617695,-0.956148351544239,0.8244521811897663,False,False,False,False,False,0
stocks,F1b,"F1b:ma_trend(atr_mult=2.0, fast=20, filter=True, slow=80, tf=15m)",base,3.9,2.0,23,22.0,0.2927063271227336,0.0127263620488145,1.038187523074837,0.5217391304347826,18,18.0,-2.9933511835244606,-0.1662972879735811,-0.1662972879735811,0.5890611804926391,0.3333333333333333,"[-0.5703318756431731, 0.23624584936360807]",0.786,-5.126598616783268,-5.126598616783268,1,3,3.0,-2.552010869934626,-0.4413403135898357,6.0,12.0,0.2009977153750548,4.093237429028953,209.0974392287037,97.2993551435983,97.2993551435983,False,,0.0604109168966574,5.160829069181744,F1b_ma_trend_2918084_base.parquet,"{'xyz:GOOGL': 2.51, 'xyz:META': -1.06, 'xyz:MU': -0.41, 'xyz:NVDA': -2.74, 'xyz:SNDK': -1.29}",1.0,,89,-0.1863495142945831,-3.354291257302497,0.5390156612632012,False,False,False,False,False,0
stocks,F1b,"F1b:ma_trend(atr_mult=2.0, fast=10, filter=True, slow=40, tf=1h)",base,4.7,2.0,13,13.0,-0.2223034783789089,-0.0171002675676083,0.891850777503504,0.4615384615384615,12,12.0,0.4752583720661693,0.0396048643388474,0.0396048643388474,1.4478937745645126,0.5833333333333334,"[-0.10985656439875227, 0.216523167827286]",0.335,-0.2876183744673105,-0.2876183744673105,1,3,3.0,-0.1023768521360161,0.5776352242021853,4.0,8.0,0.1874085531508175,0.5833577014331421,179.1813051152778,100.2529548936873,100.2529548936873,False,,0.0290299499131145,1.6678270308224654,F1b_ma_trend_29923525_base.parquet,"{'xyz:GOOGL': 0.67, 'xyz:META': 0.13, 'xyz:MU': -0.62, 'xyz:NVDA': 0.3}",3.0,,90,0.0216217043986396,0.259460452783676,1.2367514118024974,True,True,False,False,False,2
stocks,F1b,"F1b:ma_trend(atr_mult=2.0, fast=20, filter=True, slow=80, tf=1h)",base,4.5,0.0,3,3.0,0.191309385055315,0.0637697950184383,1.886250974804444,0.6666666666666666,3,3.0,-0.3559985816690187,-0.1186661938896729,-0.1186661938896729,0.1071849848025125,0.3333333333333333,,,-0.3987372250793443,-0.3987372250793443,1,3,3.0,0.0427386434103255,-0.3987372250793443,1.0,2.0,1.1960395403646007,0.3987372250793443,79.65485235555555,99.83531080338628,99.83531080338628,False,,0.0043953797403659,0.614600891799185,F1b_ma_trend_27423441_base.parquet,"{'xyz:GOOGL': 0.04, 'xyz:MU': -0.4}",1.0,,91,-0.1297228274220949,-0.3891684822662848,0.0504649651633123,False,False,False,False,False,0
stocks,F4,"F4:channel_bo(atr_mult=1.5, n=12, tf=15m)",base,4.0,18.0,65,41.0,19.98651002973222,0.307484769688188,1.5582815049167358,0.5230769230769231,37,26.0,16.314474505069793,0.4409317433802647,0.4409317433802647,2.0554757442136813,0.5945945945945946,"[-0.1357297754310533, 1.2453705800334416]",0.076,8.171448612071105,8.171448612071105,2,3,3.0,17.242930690665037,-0.9284561855952458,22.0,15.0,0.0566020869660162,6.647141234913548,246.4116906653153,136.67503328408108,136.67503328408108,False,,0.1562915261167331,9.872902692646022,F4_channel_bo_18908481_base.parquet,"{'xyz:GOOGL': 8.54, 'xyz:META': 1.53, 'xyz:MU': -3.03, 'xyz:NVDA': -2.8, 'xyz:SNDK': 12.08}",3.0,,108,0.3980851127688216,14.7291491724464,1.984309159176576,True,True,True,True,True,5
stocks,F4,"F4:channel_bo(atr_mult=1.5, n=24, tf=15m)",base,3.9,18.0,56,41.0,12.962209739023647,0.2314680310539937,1.4142675014908814,0.5178571428571429,36,26.0,4.366196690101738,0.1212832413917149,0.1212832413917149,1.297037158469196,0.5555555555555556,"[-0.24245802401931707, 0.6108302788765402]",0.305,-1.5559672808294405,-1.5559672808294405,2,3,3.0,3.2897008336749445,1.0764958564267928,22.0,14.0,0.1162626590307142,6.132107319833083,251.75213392546297,105.73039101394446,118.17819793477553,True,2026-06-26 15:14:54.044421+00:00,0.1567003986507206,10.481492365779474,F4_channel_bo_77156677_base.parquet,"{'xyz:GOOGL': 6.31, 'xyz:META': -0.85, 'xyz:MU': -3.1, 'xyz:NVDA': -2.6, 'xyz:SNDK': 4.61}",2.0,,109,0.0807991441349884,2.9087691888595835,1.197764444252446,False,True,True,True,False,3
stocks,F4,"F4:channel_bo(atr_mult=1.5, n=12, tf=1h)",base,4.6,4.0,46,41.0,1.993267900516575,0.0433319108807951,1.149567297914315,0.4347826086956521,28,26.0,-0.8809046064561881,-0.0314608788020067,-0.0314608788020067,0.8545181752617732,0.5,"[-0.22652719679264288, 0.2026328285883176]",0.591,-2.5214976148711807,-2.5214976148711807,1,3,3.0,1.4738227578085117,-2.3547273642647,12.0,16.0,0.1152187505249774,2.1463793193976617,288.8917330529762,100.95048247101754,100.95048247101754,False,,0.1340079730144127,3.754116737864635,F4_channel_bo_47407902_base.parquet,"{'xyz:GOOGL': -1.04, 'xyz:MU': -0.44, 'xyz:NVDA': -0.25, 'xyz:SNDK': 0.86}",1.0,,110,-0.0366789350555793,-1.027010181556222,0.8285638950735297,False,False,False,False,False,0
stocks,F4,"F4:channel_bo(atr_mult=1.5, n=24, tf=1h)",base,4.6,2.0,45,41.0,1.9227390431251523,0.04272753429167,1.1302214401847357,0.5333333333333333,24,23.0,2.508225918828812,0.1045094132845338,0.1045094132845338,1.5320172026474943,0.5416666666666666,"[-0.16398823679527802, 0.3891897514278169]",0.247,0.8617617388886527,0.8617617388886527,3,3,3.0,4.545166740899512,-2.0369408220707004,12.0,12.0,0.0811354320658331,2.009719771924748,291.74878277777776,104.19090538544646,104.19090538544646,False,,0.1239905959317182,3.469797885256241,F4_channel_bo_42345932_base.parquet,"{'xyz:GOOGL': 1.79, 'xyz:MU': -0.8, 'xyz:NVDA': 0.26, 'xyz:SNDK': 1.27}",3.0,,111,0.0876979926031726,2.1047518224761426,1.4518855138130458,True,True,True,False,True,4
stocks,R,"R:channel_bo(atr_mult=1.5, n=8, tf=15m)",base,3.9,,76,,19.87059059741293,,1.4887984984890148,,47,,14.686020592497725,0.3124685232446324,,1.7959346286978166,0.4468085106382978,,,,,2,3,,,,,,,,,,,,,,,,,,False,120,,,,True,False,True,True,False,3
stocks,R,"R:channel_bo(atr_mult=1.5, n=16, tf=15m)",base,3.8,,59,,13.673690643617867,,1.3852999655910951,,35,,3.437238432972889,0.0982068123706539,,1.2164533701109432,0.5714285714285714,,,,,2,3,,,,,,,,,,,,,,,,,,False,121,,,,False,False,True,True,False,2
stocks,R,"R:channel_bo(atr_mult=1.0, n=12, tf=15m)",base,3.8,,79,,-5.174085296642351,,0.906966581119451,,39,,22.19067297556083,0.56899161475797,,2.452630930513631,0.5128205128205128,,,,,2,3,,,,,,,,,,,,,,,,,,False,122,,,,True,False,True,True,False,3
stocks,R,"R:channel_bo(atr_mult=2.0, n=12, tf=15m)",base,3.7,,66,,10.984478333327596,,1.334172245199513,,38,,1.5272152209798606,0.0401898742363121,,1.1089501231661665,0.5263157894736842,,,,,2,3,,,,,,,,,,,,,,,,,,False,123,,,,False,False,True,True,False,2
stocks,A,"A:agent_rule_consensus(max_hold_bars=32, require_trend_tf=True, rsi_hi=70, rsi_lo=30, score_threshold=2, sl_atr=2.0, tf_trend=1h, tp_atr=4.0)",base,5.4,17.0,77,41.0,-8.390056256109855,-0.1089617695598682,0.7913814939005492,0.4805194805194805,43,26.0,-0.5942441880102023,-0.013819632279307,-0.013819632279307,0.9560401906921692,0.5348837209302325,"[-0.23382886551875615, 0.2168270282706907]",0.564,-1.946664629071714,-2.721978043626353,1,3,3.0,0.3576400486165392,-0.9518842366267416,25.0,18.0,0.1420052304119768,4.906814379878841,205.96404723643408,91.46055738506368,91.33673805998016,True,2026-06-19 16:37:32.574765+00:00,0.1524072370438516,12.908997750807444,A_agent_rule_consensus_58704276_base.parquet,"{'xyz:GOOGL': 0.73, 'xyz:META': -1.71, 'xyz:MU': -2.54, 'xyz:NVDA': 2.83, 'xyz:SNDK': 0.09}",3.0,,124,-0.0398940535940298,-1.715444304543283,0.8746039605544762,False,False,False,True,False,1
stocks,A,"A:agent_rule_consensus(max_hold_bars=32, require_trend_tf=True, rsi_hi=70, rsi_lo=30, score_threshold=2, sl_atr=2.0, tf_trend=15m, tp_atr=4.0)",base,4.4,18.0,75,41.0,-10.39140545011,-0.1385520726681333,0.7433478639819645,0.48,43,26.0,-3.733589003888823,-0.0868276512532284,-0.0868276512532284,0.7752705946216791,0.5116279069767442,"[-0.32463467689147163, 0.1406997506207035]",0.773,-5.663119051944466,-6.129557974449566,1,3,3.0,-0.8193407156881518,-2.9142482882006715,25.0,18.0,0.164786107329324,6.526587808453831,203.4761326492248,89.55459555744203,86.19604405010145,True,2026-06-12 14:07:36.162706+00:00,0.1508739650413983,11.411757819671251,A_agent_rule_consensus_75944015_base.parquet,"{'xyz:GOOGL': 2.63, 'xyz:META': -2.92, 'xyz:MU': -4.05, 'xyz:NVDA': 2.42, 'xyz:SNDK': -1.81}",2.0,,125,-0.1216339874953495,-5.230261462300028,0.6908345615708607,False,False,False,True,False,1
stocks,A,"A:agent_rule_consensus(max_hold_bars=32, require_trend_tf=True, rsi_hi=70, rsi_lo=30, score_threshold=2, sl_atr=1.5, tf_trend=1h, tp_atr=3.0)",base,5.3,25.0,90,41.0,-16.767838255347616,-0.1863093139483068,0.6979182320787015,0.4222222222222222,47,26.0,-5.671087908822623,-0.1206614448685664,-0.1206614448685664,0.6972198774715915,0.425531914893617,"[-0.3143815750990322, 0.09767768568691046]",0.871,-7.610456535493755,-7.80409918694909,1,3,3.0,-0.4302173591988623,-5.240870549623759,24.0,23.0,0.1696458697189854,10.205247429379597,183.79351782482271,92.80037756836168,78.08640956981208,True,2026-06-09 14:11:07.623353+00:00,0.1498517837064295,10.08761699529407,A_agent_rule_consensus_58016675_base.parquet,"{'xyz:GOOGL': -0.06, 'xyz:META': -3.91, 'xyz:MU': -3.15, 'xyz:NVDA': 1.1, 'xyz:SNDK': 0.34}",2.0,,126,-0.144810322324648,-6.806085149258459,0.6422699195400595,False,False,False,True,False,1
stocks,A,"A:agent_rule_consensus(max_hold_bars=32, require_trend_tf=True, rsi_hi=70, rsi_lo=30, score_threshold=2, sl_atr=1.5, tf_trend=15m, tp_atr=3.0)",base,4.4,26.0,87,41.0,-13.032538278105836,-0.1497992905529406,0.7461524516693759,0.4137931034482758,46,26.0,-8.683331647159013,-0.1887680792860655,-0.1887680792860655,0.6092416797613294,0.391304347826087,"[-0.43847020134364306, 0.06848583534946226]",0.918,-10.837291546490851,-11.030934197946188,0,3,3.0,-4.6482844003956645,-4.03504724676335,25.0,21.0,0.1874153325922311,10.365129659836796,186.8931317307971,90.02045954497015,78.80946580871742,True,2026-06-09 14:52:49.413104+00:00,0.1487273842379638,11.17153452689078,A_agent_rule_consensus_28961872_base.parquet,"{'xyz:GOOGL': 1.95, 'xyz:META': -6.12, 'xyz:MU': -5.92, 'xyz:NVDA': 0.92, 'xyz:SNDK': 0.5}",3.0,,127,-0.2162684316922433,-9.948347857843196,0.5580938890034824,False,False,False,True,False,1
stocks,A,"A:agent_rule_consensus(max_hold_bars=32, require_trend_tf=True, rsi_hi=70, rsi_lo=30, score_threshold=3, sl_atr=2.0, tf_trend=1h, tp_atr=4.0)",base,5.4,7.0,57,40.0,-6.081351207239123,-0.1066903720568267,0.7874368002258867,0.4912280701754385,34,25.0,4.880222732983349,0.1435359627348044,0.1435359627348044,1.5853835530817662,0.5294117647058824,"[-0.07743252756022091, 0.41809922328589916]",0.115,2.404137694544264,2.518112672077975,2,3,3.0,7.9400665833817055,-3.0598438503983583,20.0,14.0,0.1300665527317077,3.60544405394768,231.39151089362744,91.74443617731605,98.62149052888326,True,2026-07-02 15:52:31.365955+00:00,0.1306347746090156,10.377583357189962,A_agent_rule_consensus_31941295_base.parquet,"{'xyz:GOOGL': 3.68, 'xyz:META': -1.53, 'xyz:MU': 0.26, 'xyz:NVDA': 3.04, 'xyz:SNDK': -0.57}",3.0,,128,0.1001520609195148,3.405170071263504,1.3930903298179371,True,True,True,True,True,5
stocks,A,"A:agent_rule_consensus(max_hold_bars=32, require_trend_tf=True, rsi_hi=70, rsi_lo=30, score_threshold=3, sl_atr=2.0, tf_trend=15m, tp_atr=4.0)",base,4.3,10.0,66,41.0,-13.772279618128644,-0.2086709033049794,0.6169090053854045,0.3787878787878788,39,26.0,4.942046494766918,0.1267191408914594,0.1267191408914594,1.446869946682931,0.5641025641025641,"[-0.09275244264868776, 0.3770996569569766]",0.146,2.6647396618569728,2.778714639390684,2,3,3.0,4.527067142520317,0.4149793522465999,23.0,16.0,0.1162502304959624,2.9702142141061563,218.28858766239316,90.75161023364475,90.9923858797773,True,2026-06-11 14:52:36.763841+00:00,0.1441275682306041,10.70837320087061,A_agent_rule_consensus_3263002_base.parquet,"{'xyz:GOOGL': 5.02, 'xyz:META': -0.51, 'xyz:MU': -1.67, 'xyz:NVDA': 2.62, 'xyz:SNDK': -0.52}",2.0,,129,0.0870321917524274,3.394255478344672,1.3018733057976817,True,True,True,True,True,5
stocks,A,"A:agent_rule_consensus(max_hold_bars=32, require_trend_tf=True, rsi_hi=70, rsi_lo=30, score_threshold=3, sl_atr=1.5, tf_trend=1h, tp_atr=3.0)",base,5.3,13.0,64,40.0,-0.5954031006944636,-0.0093031734483509,0.9828132411481766,0.515625,38,25.0,1.674764154850696,0.0440727409171235,0.0440727409171235,1.1166881612503492,0.5263157894736842,"[-0.19632859089909915, 0.28872272159347334]",0.332,-0.4115981046168744,-0.2487767081401442,2,3,3.0,5.827864569257031,-4.153100414406334,22.0,16.0,0.1545215600199818,4.032489220010997,192.91788317456135,91.14472002536851,100.86166619437232,True,2026-06-26 18:07:29.078379+00:00,0.1264438311356434,10.730932251971764,A_agent_rule_consensus_40745193_base.parquet,"{'xyz:GOOGL': 4.51, 'xyz:META': -1.84, 'xyz:MU': 0.51, 'xyz:NVDA': -0.83, 'xyz:SNDK': -0.67}",2.0,,130,-0.000978480994955,-0.037182277808291,0.9974232055045484,False,False,True,True,False,2
stocks,A,"A:agent_rule_consensus(max_hold_bars=32, require_trend_tf=True, rsi_hi=70, rsi_lo=30, score_threshold=3, sl_atr=1.5, tf_trend=15m, tp_atr=3.0)",base,4.5,17.0,69,41.0,-6.965024170172451,-0.1009423792778616,0.8222858373215326,0.463768115942029,44,26.0,2.3147100059991765,0.0526070455908903,0.0526070455908903,1.1499027814399458,0.5,"[-0.16267538940415285, 0.3178736804519624]",0.327,0.3498497083974379,0.4265772479101748,1,3,3.0,3.682427161295766,-1.36771715529659,24.0,20.0,0.1432032384316436,3.611960723242415,188.4672906810606,92.11121617225892,95.13199097604276,True,2026-06-09 19:29:29.751676+00:00,0.1411632423591945,10.373531067455602,A_agent_rule_consensus_6313921_base.parquet,"{'xyz:GOOGL': 2.3, 'xyz:META': -1.21, 'xyz:MU': 1.37, 'xyz:NVDA': -1.14, 'xyz:SNDK': 1.0}",3.0,,131,0.0112976391419744,0.4970961222468766,1.031605321463573,False,True,False,True,True,3
crypto15,F1,"F1:ma_trend(atr_mult=2.0, fast=10, filter=False, slow=40, tf=15m)",base,1.0,0.0,17,13.0,0.4772389572461755,0.0280728798380103,1.072202330913617,0.5294117647058824,7,6.0,0.0983822052067924,0.0140546007438274,0.0140546007438274,1.047318037099251,0.5714285714285714,"[-0.4814925768392693, 0.5625366984525185]",0.469,-0.8530072598258492,-0.8530072598258492,1,2,2.0,1.6304737012644226,-1.5320914960576302,4.0,3.0,0.3167704183184064,1.0808264352309134,199.28571428571428,100.57562116245296,100.57562116245296,False,,0.0829436377061284,5.0254858254197785,F1_ma_trend_14202865_base.parquet,"{'BTC': -1.13, 'ETH': 1.23}",1.0,,140,-0.0109385946586712,-0.0765701626106984,0.9633808222078324,False,False,False,False,False,0
crypto15,F1,"F1:ma_trend(atr_mult=2.0, fast=10, filter=True, slow=40, tf=15m)",base,1.2,0.0,0,,0.0,,,,0,,0.0,,,,,,,,,0,2,0.0,,,,,,,,,,,,,,,,,,141,,0.0,,False,False,False,False,False,0
crypto15,F1,"F1:ma_trend(atr_mult=2.0, fast=20, filter=False, slow=80, tf=15m)",base,0.8,0.0,7,6.0,-3.1375270630308965,-0.4482181518615566,0.3214876758378076,0.2857142857142857,7,6.0,0.5046134191692865,0.072087631309898,0.072087631309898,1.231108996242776,0.4285714285714285,"[-0.44681221561528867, 0.42352142708514845]",0.375,-1.2110854433313616,-0.3072057192490763,1,2,2.0,1.6817705026990402,-1.1771570835297536,4.0,3.0,0.2422235764276827,1.1752007785802416,195.0,97.3670863561384,97.3670863561384,False,,0.0423332512921486,3.8214208221350816,F1_ma_trend_1234827_base.parquet,"{'BTC': -1.2, 'ETH': 1.7}",1.0,,142,0.046093263307679,0.3226528431537534,1.1459094497300846,False,True,False,False,False,1
crypto15,F1,"F1:ma_trend(atr_mult=2.0, fast=20, filter=True, slow=80, tf=15m)",base,0.8,0.0,0,,0.0,,,,0,,0.0,,,,,,,,,0,2,0.0,,,,,,,,,,,,,,,,,,143,,0.0,,False,False,False,False,False,0
crypto15,F2,"F2:bb_mr(k=2.0, max_bars=8, n=20, regime=False, tf=15m)",base,1.0,0.0,40,18.0,-10.901563704657876,-0.2725390926164469,0.4132254561074734,0.425,18,10.0,-2.062615540385773,-0.114589752243654,-0.114589752243654,0.6921706882136189,0.5555555555555556,"[-0.4166051159448143, 0.22560554665071195]",0.753,-4.184331759541818,-3.693311117119621,0,2,1.0,-2.394854137567845,0.3322385971820711,9.0,9.0,0.4969410068407141,4.846954521838687,74.16666666666667,89.69691704334626,87.03582075495638,True,2026-06-03 16:00:00+00:00,0.0642382476002953,10.30308295665374,F2_bb_mr_58089639_base.parquet,"{'BTC': -1.42, 'ETH': -0.64}",0.0,,144,-0.1443316815725215,-2.597970268305388,0.6134150768078039,False,False,False,False,False,0
crypto15,F2,"F2:bb_mr(k=2.0, max_bars=8, n=20, regime=True, tf=15m)",base,1.0,0.0,14,9.0,-1.4534626589585615,-0.1038187613541829,0.67604864802227,0.5,5,3.0,0.0417710529460269,0.0083542105892053,0.0083542105892053,1.041860472072975,0.8,,,-0.4516036636394667,-0.4516036636394667,1,2,1.0,-0.8459141365234193,0.8876851894694462,2.0,3.0,0.6379991662638843,0.9978638767667974,48.0,98.5883083939875,98.5883083939875,False,,0.0157519074575436,3.545167518689368,F2_bb_mr_41233371_base.parquet,"{'BTC': -0.11, 'ETH': 0.15}",1.0,,145,-0.0229171999674418,-0.1145859998372089,0.8851108399357426,False,False,False,False,False,0
crypto15,F2,"F2:bb_mr(k=2.5, max_bars=8, n=20, regime=False, tf=15m)",base,1.0,0.0,21,14.0,-3.289502693091373,-0.1566429853853034,0.6386506606155021,0.5238095238095238,8,6.0,-3.9098372504329655,-0.4887296563041207,-0.4887296563041207,0.0744610698990237,0.375,"[-0.9014600805207424, -0.05264593148901225]",0.99,-4.185164536331203,-4.185164536331203,0,2,1.0,-1.6891453133298988,-2.2206919371030662,4.0,4.0,3.1880791503300485,3.909837250432965,69.375,92.80066005647568,92.80066005647568,False,,0.0347034211174009,7.243350621626604,F2_bb_mr_62797169_base.parquet,"{'BTC': -1.69, 'ETH': -2.22}",0.0,,146,-0.496811246023724,-3.974489968189793,0.0651549709864382,False,False,False,False,False,0
crypto15,F2,"F2:bb_mr(k=2.5, max_bars=8, n=20, regime=True, tf=15m)",base,0.9,0.0,6,4.0,-0.3731010894173426,-0.0621835149028904,0.8211646697433345,0.5,0,,0.0,,,,,,,,,0,2,0.0,,,,,,,,99.62689891058268,99.62689891058268,False,,0.0059069652965788,2.086282888743881,F2_bb_mr_91805289_base.parquet,,,,147,,0.0,,False,False,False,False,False,0
crypto15,F3,"F3:vol_comp_bo(pct=0.1, tf=15m, trail_atr=2.0)",base,1.0,0.0,5,5.0,2.9404645452649643,0.5880929090529928,4.359225221968749,0.6,0,,0.0,,,,,,,,,0,2,0.0,,,,,,,,102.94046454526496,102.94046454526496,False,,0.0130445483632783,0.6202193373978986,F3_vol_comp_bo_78810186_base.parquet,,,,148,,0.0,,False,False,False,False,False,0
crypto15,F3,"F3:vol_comp_bo(pct=0.2, tf=15m, trail_atr=2.0)",base,1.0,0.0,6,6.0,2.960114663497947,0.4933524439163245,4.381673774490559,0.6666666666666666,2,1.0,-1.5348586910056303,-0.7674293455028152,-0.7674293455028152,0.0,0.0,,,-0.7676219804499493,0.0,0,2,1.0,-0.7676219804499494,-0.767236710555681,1.0,1.0,,1.5348586910056303,52.5,101.42525597249232,101.42525597249232,False,,0.0191976372138813,1.534858691005624,F3_vol_comp_bo_30220280_base.parquet,{'BTC': -1.53},0.0,,149,-0.7790104784771386,-1.5580209569542771,0.0,False,False,False,False,False,0
crypto15,F4,"F4:channel_bo(atr_mult=1.5, n=12, tf=15m)",base,0.9,0.0,34,18.0,-9.306347489289228,-0.2737161026261537,0.5621874342849343,0.2647058823529412,16,10.0,3.3784825059620003,0.211155156622625,0.211155156622625,1.4092294047438023,0.375,"[-0.42336447488546725, 1.3093272240161318]",0.292,-0.3496410706877384,-0.3496410706877384,1,2,2.0,2.519381568761632,0.8591009372003686,8.0,8.0,0.197502433455966,3.2687871563172406,167.8125,92.3609689680342,94.0721350166728,True,2026-06-16 15:45:00+00:00,0.1171548117154811,10.71369104295519,F4_channel_bo_5598738_base.parquet,"{'BTC': 2.28, 'ETH': 1.1}",2.0,,150,0.1539796748839632,2.463674798143411,1.2969905415282008,True,True,False,False,False,2
crypto15,F4,"F4:channel_bo(atr_mult=1.5, n=24, tf=15m)",base,1.0,0.0,27,18.0,-8.111311072825838,-0.3004189286231792,0.5590961363890573,0.2962962962962963,12,8.0,4.623022764021369,0.3852518970017807,0.3852518970017807,2.1234780690592427,0.5833333333333334,"[-0.16396658805125916, 1.2966380070453218]",0.111,0.8948991873716299,0.8948991873716299,1,2,1.0,2.078609095934284,2.544413668087086,6.0,6.0,0.1660056574733458,2.12253703757094,208.75,91.5555055244014,96.51171169119549,True,2026-06-17 18:15:00+00:00,0.1033718926901304,10.555357181621474,F4_channel_bo_91429361_base.parquet,"{'BTC': 2.01, 'ETH': 2.61}",2.0,,151,0.3317613548170299,3.981136257804359,1.9654875433622976,True,True,False,False,True,3
crypto15,F1,"F1:ma_trend(atr_mult=2.0, fast=10, filter=False, slow=40, tf=1h)",base,0.9,0.0,3,2.0,-0.9264882241355084,-0.3088294080451694,0.313978474682958,0.3333333333333333,4,3.0,-0.2520325392041915,-0.0630081348010478,-0.0630081348010478,0.6208921594647431,0.5,,,-0.582320437079581,-0.582320437079581,0,2,1.0,0.3305767154153682,-0.5826092546195597,3.0,1.0,0.4762838307906489,0.5826092546195597,180.0,98.82147923666032,98.82147923666032,False,,0.0199360078759537,1.5090974787550664,F1_ma_trend_2622997_base.parquet,"{'BTC': -0.58, 'ETH': 0.33}",1.0,,152,-0.0705067809743241,-0.2820271238972965,0.5758896354741599,False,False,False,False,False,0
crypto15,F1,"F1:ma_trend(atr_mult=2.0, fast=10, filter=True, slow=40, tf=1h)",base,0.9,0.0,0,,0.0,,,,0,,0.0,,,,,,,,,0,2,0.0,,,,,,,,,,,,,,,,,,153,,0.0,,False,False,False,False,False,0
crypto15,F1,"F1:ma_trend(atr_mult=2.0, fast=20, filter=False, slow=80, tf=1h)",base,0.9,0.0,3,2.0,-0.8814451663148032,-0.2938150554382677,0.3248116895029278,0.3333333333333333,1,1.0,-0.1681789551518304,-0.1681789551518304,-0.1681789551518304,0.0,0.0,,,0.0,0.0,0,2,1.0,-0.1681789551518304,0.0,1.0,0.0,,0.1681789551518304,180.0,98.95037587853336,98.95037587853336,False,,0.0120600541471818,1.0496241214666355,F1_ma_trend_56979913_base.parquet,{'ETH': -0.17},0.0,,154,-0.1744137692291794,-0.1744137692291794,0.0,False,False,False,False,False,0
crypto15,F1,"F1:ma_trend(atr_mult=2.0, fast=20, filter=True, slow=80, tf=1h)",base,0.8,0.0,0,,0.0,,,,0,,0.0,,,,,,,,,0,2,0.0,,,,,,,,,,,,,,,,,,155,,0.0,,False,False,False,False,False,0
crypto15,F2,"F2:bb_mr(k=2.0, max_bars=8, n=20, regime=False, tf=1h)",base,1.1,0.0,14,12.0,-2.2008665980701507,-0.1572047570050107,0.4724401668601917,0.4285714285714285,7,7.0,1.3882244754993835,0.1983177822141976,0.1983177822141976,3.005104914500694,0.4285714285714285,"[-0.1553488714429681, 0.6185999365177535]",0.175,0.1181806711135755,0.1181806711135755,1,2,1.0,0.0973299490702847,1.2908945264290983,3.0,4.0,0.2254685734061665,0.5779378631029884,165.0,99.18735787742926,99.18735787742926,False,,0.0484863401427516,3.342595026731672,F2_bb_mr_31875067_base.parquet,"{'BTC': 0.12, 'ETH': 1.27}",2.0,,156,0.176475977054927,1.2353318393844894,2.71167113836916,True,True,False,False,True,3
crypto15,F2,"F2:bb_mr(k=2.0, max_bars=8, n=20, regime=True, tf=1h)",base,1.0,0.0,4,4.0,0.0431004440350048,0.0107751110087512,1.1993666170863284,0.75,2,2.0,0.6841131039389096,0.3420565519694548,0.3420565519694548,inf,1.0,,,0.1144071934872674,0.1144071934872674,1,2,1.0,0.5697059104516421,0.1144071934872674,1.0,1.0,0.1691463376375023,-0.0,45.0,100.72721354797392,100.72721354797392,False,,0.0091065714988924,0.2161868655088881,F2_bb_mr_49127123_base.parquet,"{'BTC': 0.11, 'ETH': 0.57}",2.0,,157,0.3212357742086196,0.6424715484172392,inf,True,True,False,False,True,3
crypto15,F2,"F2:bb_mr(k=2.5, max_bars=8, n=20, regime=False, tf=1h)",base,1.1,0.0,12,11.0,-2.815544726622421,-0.2346287272185351,0.4932329460479953,0.3333333333333333,5,5.0,0.3616624649792536,0.0723324929958507,0.0723324929958507,1.9323292411083424,0.4,"[-0.17240749079720416, 0.4082031434671592]",0.338,-0.3344560692373102,-0.3344560692373102,1,2,1.0,0.7495752848639045,-0.3879128198846508,2.0,3.0,0.426744005272211,0.3879128198846508,123.0,97.54611773835684,97.54611773835684,False,,0.0334728033472803,4.126001971572663,F2_bb_mr_20974738_base.parquet,"{'BTC': 0.66, 'ETH': -0.3}",1.0,,158,0.0585415363512403,0.2927076817562015,1.703698849215247,True,True,False,False,False,2
crypto15,F2,"F2:bb_mr(k=2.5, max_bars=8, n=20, regime=True, tf=1h)",base,0.9,0.0,4,4.0,-0.5814649773618396,-0.1453662443404599,0.4178964117666942,0.75,2,2.0,0.2940802467488128,0.1470401233744064,0.1470401233744064,2.066955242113741,0.5,,,-0.2756256637028292,-0.2756256637028292,1,2,1.0,0.5697059104516421,-0.2756256637028292,1.0,1.0,0.2103975289336082,0.2756256637028292,67.5,99.71261526938696,99.71261526938696,False,,0.0068914595126753,1.15172020165636,F2_bb_mr_61401828_base.parquet,{'ETH': 0.29},1.0,,159,0.1302875991990447,0.2605751983980894,1.9279244884341944,True,True,False,False,False,2
crypto15,F3,"F3:vol_comp_bo(pct=0.1, tf=1h, trail_atr=2.0)",base,0.9,0.0,3,3.0,-0.0362917548615487,-0.0120972516205162,0.9415168044189864,0.3333333333333333,2,2.0,1.6468429701116492,0.8234214850558246,0.8234214850558246,inf,1.0,,,0.182920099699448,0.182920099699448,1,2,1.0,0.1829200996994481,1.4639228704122011,1.0,1.0,0.0548763868778284,-0.0,330.0,101.6105512152501,101.6105512152501,False,,0.0236278611863155,0.620550134119739,F3_vol_comp_bo_18581872_base.parquet,{'BTC': 1.65},1.0,,160,0.8034965291559963,1.606993058311993,inf,True,True,False,False,True,3
crypto15,F3,"F3:vol_comp_bo(pct=0.2, tf=1h, trail_atr=2.0)",base,0.9,0.0,4,4.0,-0.0912335868377384,-0.0228083967094346,0.8649375693318279,0.25,2,2.0,1.6468429701116492,0.8234214850558246,0.8234214850558246,inf,1.0,,,0.182920099699448,0.182920099699448,1,2,1.0,0.1829200996994481,1.4639228704122011,1.0,1.0,0.0548763868778284,-0.0,330.0,101.5556093832739,101.5556093832739,False,,0.0265813438346049,0.6754919660959331,F3_vol_comp_bo_97149662_base.parquet,{'BTC': 1.65},1.0,,161,0.8034965291559963,1.606993058311993,inf,True,True,False,False,True,3
crypto15,F4,"F4:channel_bo(atr_mult=1.5, n=12, tf=1h)",base,1.0,0.0,17,16.0,-0.6819143638866025,-0.0401126096403883,0.865053796514607,0.4705882352941176,9,8.0,-0.3114455160317569,-0.0346050573368618,-0.0346050573368618,0.906048530661117,0.3333333333333333,"[-0.5234172101576279, 0.7382449148059209]",0.552,-2.7903549099297504,-2.7903549099297504,0,2,1.0,-0.7291623856236461,0.4177168695918891,5.0,4.0,0.2510234851610948,1.981788908052288,220.0,99.00664012008164,99.00664012008164,False,,0.1033718926901304,3.197128390554724,F4_channel_bo_69340594_base.parquet,"{'BTC': -0.42, 'ETH': 0.11}",1.0,,162,-0.0544842507269544,-0.4903582565425896,0.8531966971893262,False,False,False,False,False,0
crypto15,F4,"F4:channel_bo(atr_mult=1.5, n=24, tf=1h)",base,1.0,0.0,12,12.0,1.5892249295878318,0.132435410798986,1.6214844367181032,0.5833333333333334,7,7.0,-0.4294666458905585,-0.0613523779843655,-0.0613523779843655,0.867706341629305,0.2857142857142857,"[-0.748825097180151, 0.8749112790997553]",0.575,-2.908376039788552,-2.908376039788552,0,2,1.0,-0.9158319733219672,0.4863653274314088,4.0,3.0,0.2290550692592077,1.913140450212768,214.28571428571428,101.15975828369729,101.15975828369729,False,,0.0775289195175978,2.990456466389801,F4_channel_bo_36427083_base.parquet,"{'BTC': -0.35, 'ETH': -0.08}",0.0,,163,-0.0833452832973697,-0.5834169830815881,0.8212360584870406,False,False,False,False,False,0
crypto15,F5,"F5:trend_pullback(defn=A, max_bars=16, target_r=1.5)",base,0.9,0.0,27,17.0,7.38952153552821,0.2736859827973411,2.187990737227902,0.5925925925925926,13,9.0,-2.5886502225832864,-0.1991269401987143,-0.1991269401987143,0.5005069449541789,0.2307692307692307,"[-0.5462098720879416, 0.25305821828922115]",0.808,-3.866158225400704,-3.866158225400704,0,2,1.0,-1.5338352485278786,-1.054814974055408,5.0,8.0,0.4970586977904204,3.866158225400704,133.84615384615384,104.80087131294492,104.80087131294492,False,,0.0863893674624661,3.86615822540071,F5_trend_pullback_32351268_base.parquet,"{'BTC': -3.86, 'ETH': 1.28}",1.0,,164,-0.2132612721287044,-2.772396537673158,0.4674683917343378,False,False,False,False,False,0
crypto15,F5,"F5:trend_pullback(defn=A, max_bars=16, target_r=2.0)",base,1.0,0.0,26,17.0,8.972019662228416,0.3450776793164775,2.5194757862827206,0.6153846153846154,13,9.0,-1.6973544724862155,-0.1305657286527858,-0.1305657286527858,0.6724869340934876,0.2307692307692307,"[-0.5462098720879416, 0.4159268674450209]",0.697,-3.424992170611997,-3.424992170611997,0,2,1.0,-1.0837055532195148,-0.613648919266701,5.0,8.0,0.3699463499213914,3.424992170611997,136.15384615384616,107.27466518974222,107.27466518974222,False,,0.0878661087866108,3.4249921706120148,F5_trend_pullback_51521560_base.parquet,"{'BTC': -3.42, 'ETH': 1.73}",1.0,,165,-0.1475740375900038,-1.91846248867005,0.6314950258355685,False,False,False,False,False,0
crypto15,F5,"F5:trend_pullback(defn=B, max_bars=16, target_r=1.5)",base,1.0,0.0,21,17.0,0.5542202449375971,0.0263914402351236,1.0728609152422732,0.5238095238095238,9,7.0,0.0387211822197404,0.0043023535799711,0.0043023535799711,1.0129281702445518,0.4444444444444444,"[-0.4428611939242033, 0.6964091026349698]",0.502,-1.1901669642954011,-1.1901669642954011,0,2,1.0,-0.3211557439311538,0.3598769261508943,3.0,6.0,0.2749660520208031,2.3546033062706475,151.66666666666666,100.59294142715736,100.59294142715736,False,,0.0654688653704159,2.739292461784217,F5_trend_pullback_69907634_base.parquet,"{'BTC': -1.19, 'ETH': 1.23}",1.0,,166,-0.0180178358997159,-0.1621605230974437,0.9460802653799868,False,False,False,False,False,0
crypto15,F5,"F5:trend_pullback(defn=B, max_bars=16, target_r=2.0)",base,1.0,0.0,21,17.0,1.7980522083228108,0.0856215337296576,1.2363820714751068,0.5238095238095238,9,7.0,0.4839679668809271,0.0537742185423252,0.0537742185423252,1.1615864989152238,0.4444444444444444,"[-0.42782331598951717, 0.8030792199207202]",0.44,-1.190166964295401,-1.190166964295401,0,2,1.0,-0.3211557439311538,0.805123710812081,3.0,6.0,0.2397024460384836,2.3546033062706475,151.66666666666666,102.28202017520375,102.28202017520375,False,,0.0679301009106571,2.5084993375819096,F5_trend_pullback_37630138_base.parquet,"{'BTC': -1.19, 'ETH': 1.67}",1.0,,167,0.0294366650938513,0.264929985844662,1.0880914433227629,False,True,False,False,False,1
crypto15,F6,"F6:orb(or_min=30, target_r=2.0)",base,0.8,0.0,32,18.0,-7.492497008809297,-0.2341405315252905,0.5936708687907282,0.3125,17,11.0,0.3902978666914534,0.0229586980406737,0.0229586980406737,1.0509967983763682,0.4705882352941176,"[-0.5046928910065371, 0.6130328343388424]",0.467,-1.2616725552597732,-2.5111841845973446,1,2,2.0,-1.1291344739815985,1.519432340673052,11.0,6.0,0.269077005805078,2.507228767650582,143.8235294117647,90.78236835044584,92.8978008578822,True,2026-06-18 14:30:00+00:00,0.1016490278119616,10.557131177712732,F6_orb_63354631_base.parquet,"{'BTC': -3.01, 'ETH': 3.4}",1.0,,168,-0.0119694393281488,-0.2034804685785296,0.973547812919432,False,False,False,False,False,0
crypto15,F6,"F6:orb(or_min=30, target_r=None)",base,0.8,0.0,28,18.0,-5.556114246180002,-0.1984326516492857,0.677349839160322,0.2857142857142857,15,11.0,3.272263612761353,0.2181509075174235,0.2181509075174235,1.4259300526191796,0.4,"[-0.5042980165490901, 1.3781092235530201]",0.313,-2.6955380391698545,-2.6955380391698545,0,2,2.0,1.937185126660811,1.3350784861005418,10.0,5.0,0.18346228764598,2.5072287676505822,178.0,93.33063667982806,97.71614936658138,True,2026-06-18 14:30:00+00:00,0.1151858232832882,10.668325856760047,F6_orb_72867030_base.parquet,"{'BTC': 2.61, 'ETH': 0.66}",2.0,,169,0.1604216828137193,2.406325242205791,1.3128190431650937,True,True,False,False,False,2
crypto15,F6,"F6:orb(or_min=60, target_r=2.0)",base,0.8,0.0,29,18.0,-1.8755711369178885,-0.064674866790272,0.86053280710529,0.3793103448275862,10,8.0,2.664500132137487,0.2664500132137487,0.2664500132137487,2.121435337286368,0.5,"[-0.3908740526745364, 0.7493508985732755]",0.207,1.0281166636292347,0.7052936540706993,1,2,1.0,0.5775010763012547,2.086999055836232,6.0,4.0,0.1889983391830589,1.3768118038514563,175.5,100.7889289952196,100.7889289952196,False,,0.0895889736647797,6.842661049228283,F6_orb_37528319_base.parquet,"{'BTC': 0.85, 'ETH': 1.81}",2.0,,170,0.2303870378116472,2.303870378116472,1.9608478781975287,True,True,False,False,True,3
crypto15,F6,"F6:orb(or_min=60, target_r=None)",base,0.8,0.0,25,18.0,-3.121482832422035,-0.1248593132968814,0.7630708802085489,0.36,8,8.0,4.339602751395187,0.5424503439243984,0.5424503439243984,2.826452855641518,0.375,"[-0.42608784973334435, 1.6722463566008303]",0.158,0.7340232966721403,0.7340232966721403,1,2,1.0,2.223874052957514,2.1157286984376737,5.0,3.0,0.1297882588987725,1.3768118038514563,219.375,101.21811991897316,101.21811991897316,False,,0.0982032980556239,8.197582783860653,F6_orb_96227101_base.parquet,"{'BTC': 3.18, 'ETH': 1.15}",2.0,,171,0.4829160608847846,3.863328487078277,2.6112325653598765,True,True,False,False,True,3
crypto15,B0,B0:baseline_session_long(),base,0.8,1.0,19,18.0,-3.567265516060864,-0.1877508166347823,0.2114376884561997,0.3157894736842105,10,10.0,0.0281254116019775,0.0028125411601977,0.0028125411601977,1.013903402580382,0.6,"[-0.31793191265773635, 0.3271149826454182]",0.532,-0.8226760694772907,-0.8226760694772907,0,2,1.0,0.0281254116019775,0.0,10.0,0.0,0.1356694358550315,1.7794984613279254,327.0,96.46085989554112,96.46085989554112,False,,0.1644105340881122,5.346763977388804,B0_baseline_session_long_79050094_base.parquet,{'BTC': 0.03},1.0,,172,0.0015128670293257,0.0151286702932571,1.0075629908038997,False,True,False,False,False,1
crypto15,F1b,"F1b:ma_trend(atr_mult=2.0, fast=10, filter=True, slow=40, tf=15m)",base,0.9,0.0,11,11.0,-2.6253704461667,-0.2386700405606091,0.5254016978138863,0.4545454545454545,6,5.0,3.125210134686535,0.5208683557810891,0.5208683557810891,4.132113847883394,0.8333333333333334,"[-0.17356071935777628, 1.8687462984833467]",0.109,0.2168833654676292,0.2168833654676292,1,2,1.0,0.7564668571191389,2.368743277567396,3.0,3.0,0.1300219220464057,0.997795829419954,212.5,100.49983968851984,100.49983968851984,False,,0.0526704405611617,3.017349569944201,F1b_ma_trend_41374966_base.parquet,"{'BTC': 2.39, 'ETH': 0.73}",2.0,,206,0.4757981515455985,2.854788909273591,3.878623210261297,True,True,False,False,True,3
crypto15,F1b,"F1b:ma_trend(atr_mult=2.0, fast=20, filter=True, slow=80, tf=15m)",base,0.8,0.0,4,4.0,-1.5156223793906924,-0.3789055948476731,0.0261745286950535,0.25,4,4.0,0.6366981141259622,0.1591745285314905,0.1591745285314905,4.148493270643996,0.5,,,-0.1197074655323846,-0.1197074655323846,1,2,1.0,0.740958067626523,-0.1042599535005609,3.0,1.0,0.3571548406313441,0.2022231141677908,202.5,99.12107573473529,99.12107573473529,False,,0.0236278611863155,1.7178454935584853,F1b_ma_trend_55402419_base.parquet,"{'BTC': 0.73, 'ETH': -0.1}",1.0,,207,0.1368049374633883,0.5472197498535535,3.4850602982797465,True,True,False,False,False,2
crypto15,F1b,"F1b:ma_trend(atr_mult=2.0, fast=10, filter=True, slow=40, tf=1h)",base,0.9,0.0,2,2.0,-0.4955298302147667,-0.2477649151073833,0.0,0.0,2,2.0,-0.9093246320834864,-0.4546623160417432,-0.4546623160417432,0.0,0.0,,,-0.741145676931656,-0.741145676931656,0,2,1.0,-0.1681789551518304,-0.741145676931656,1.0,1.0,,0.9093246320834864,270.0,98.59514553770175,98.59514553770175,False,,0.0157519074575436,1.4048544622982462,F1b_ma_trend_13727678_base.parquet,{'ETH': -0.91},0.0,,208,-0.45239450847078,-0.90478901694156,0.0,False,False,False,False,False,0
crypto15,F1b,"F1b:ma_trend(atr_mult=2.0, fast=20, filter=True, slow=80, tf=1h)",base,0.9,0.0,1,1.0,-0.7940447177918377,-0.7940447177918377,0.0,0.0,0,,0.0,,,,,,,,,0,2,0.0,,,,,,,,99.20595528220817,99.20595528220817,False,,0.0029534826482894,0.7940447177918344,F1b_ma_trend_9129710_base.parquet,,,,209,,0.0,,False,False,False,False,False,0
crypto15,A,"A:agent_rule_consensus(max_hold_bars=32, require_trend_tf=True, rsi_hi=70, rsi_lo=30, score_threshold=2, sl_atr=2.0, tf_trend=1h, tp_atr=4.0)",base,1.4,0.0,32,17.0,-0.3266226239984255,-0.0102069569999507,0.9742913196201416,0.40625,20,11.0,-5.836858676991373,-0.2918429338495686,-0.2918429338495686,0.4243463120344319,0.2,"[-0.633829719985461, 0.08765992433946304]",0.938,-7.561037745169372,-7.339177136517399,0,2,2.0,-0.2510109521727894,-5.585847724818583,8.0,12.0,0.4843900819307162,6.737198384075414,141.0,93.80404048720447,93.8365186990102,True,2026-06-30 14:15:00+00:00,0.1294609894166871,10.737913245784512,A_agent_rule_consensus_29132182_base.parquet,"{'BTC': -3.39, 'ETH': -2.44}",0.0,,214,-0.3053829844252207,-6.107659688504414,0.3999087663068401,False,False,False,False,False,0
crypto15,A,"A:agent_rule_consensus(max_hold_bars=32, require_trend_tf=True, rsi_hi=70, rsi_lo=30, score_threshold=2, sl_atr=2.0, tf_trend=15m, tp_atr=4.0)",base,1.0,0.0,30,17.0,-0.9024525461853992,-0.0300817515395133,0.9320470934212663,0.4,19,11.0,-5.465270123121439,-0.2876457959537599,-0.2876457959537599,0.4419586089148768,0.2105263157894736,"[-0.6379201407783931, 0.0852877902649943]",0.939,-7.189449191299438,-6.967588582647465,0,2,2.0,-0.128075881710312,-5.337194241411127,8.0,11.0,0.4517249281525233,5.465270123121439,145.26315789473685,94.41405567014549,93.63227733069316,True,2026-07-06 15:15:00+00:00,0.1297071129707113,10.070234254649025,A_agent_rule_consensus_81400989_base.parquet,"{'BTC': -2.73, 'ETH': -2.73}",0.0,,215,-0.3014120467984174,-5.72682888916993,0.4175956928648153,False,False,False,False,False,0
crypto15,A,"A:agent_rule_consensus(max_hold_bars=32, require_trend_tf=True, rsi_hi=70, rsi_lo=30, score_threshold=2, sl_atr=1.5, tf_trend=1h, tp_atr=3.0)",base,1.0,0.0,41,17.0,2.027992651877712,0.0494632354116515,1.1100020412971967,0.4390243902439024,24,11.0,-7.8400258214422625,-0.3266677425600943,-0.3266677425600943,0.4148350563355842,0.2916666666666667,"[-0.6900304849600224, 0.03311400388265717]",0.962,-9.486040134988022,-9.443145073152614,0,2,2.0,-0.0091588608854347,-7.830866960556828,10.0,14.0,0.5695861020813281,7.840025821442263,108.125,96.860942044335,94.18796683043544,True,2026-06-26 19:30:00+00:00,0.1193699237016982,10.134779715389952,A_agent_rule_consensus_50678119_base.parquet,"{'BTC': -5.65, 'ETH': -2.19}",0.0,,216,-0.3442390217080247,-8.261736520992592,0.3848385325628701,False,False,False,False,False,0
crypto15,A,"A:agent_rule_consensus(max_hold_bars=32, require_trend_tf=True, rsi_hi=70, rsi_lo=30, score_threshold=2, sl_atr=1.5, tf_trend=15m, tp_atr=3.0)",base,1.0,0.0,36,17.0,-2.4485726759903037,-0.0680159076663973,0.866899038391328,0.4166666666666667,26,11.0,-9.081422882506436,-0.3492854954810168,-0.3492854954810168,0.4044586593377487,0.3076923076923077,"[-0.6450264416949727, -0.02028621053682663]",0.981,-10.727437196052197,-10.684542134216787,0,2,2.0,-0.1688108555642661,-8.91261202694217,10.0,16.0,0.554316323970967,9.081422882506436,102.6923076923077,96.38400448865826,88.47000444150326,True,2026-06-18 14:30:00+00:00,0.1206005414718188,10.352459517133653,A_agent_rule_consensus_69694254_base.parquet,"{'BTC': -7.09, 'ETH': -1.99}",0.0,,217,-0.3688014740358357,-9.588838324931729,0.3731639377065865,False,False,False,False,False,0
crypto15,A,"A:agent_rule_consensus(max_hold_bars=32, require_trend_tf=True, rsi_hi=70, rsi_lo=30, score_threshold=3, sl_atr=2.0, tf_trend=1h, tp_atr=4.0)",base,1.2,0.0,20,15.0,-0.1351418191459671,-0.0067570909572983,0.9834147885598524,0.45,13,9.0,-3.829677445862316,-0.2945905727586397,-0.2945905727586397,0.3578690219309233,0.2307692307692307,"[-0.6544628626800729, 0.1561615242494204]",0.901,-5.553856514040316,-5.331995905388342,0,2,1.0,-1.8661110542602823,-1.963566391602033,6.0,7.0,0.5685764517754036,4.044753275166904,153.46153846153845,96.03518073499174,96.03518073499174,False,,0.0888506030027073,5.603729954514833,A_agent_rule_consensus_2386279_base.parquet,"{'BTC': -1.86, 'ETH': -1.97}",0.0,,218,-0.3065313121463685,-3.984907057902791,0.3356874327991583,False,False,False,False,False,0
crypto15,A,"A:agent_rule_consensus(max_hold_bars=32, require_trend_tf=True, rsi_hi=70, rsi_lo=30, score_threshold=3, sl_atr=2.0, tf_trend=15m, tp_atr=4.0)",base,1.0,0.0,26,17.0,-1.0684698198882852,-0.0410949930726263,0.8995735121342899,0.4230769230769231,17,10.0,-4.08557543776646,-0.2403279669274388,-0.2403279669274388,0.514429506989247,0.2352941176470588,"[-0.6193135318334202, 0.14717435085992914]",0.886,-5.80975450594446,-5.587893897292486,0,2,2.0,-0.128075881710312,-3.957499556056149,8.0,9.0,0.3887792925118367,4.08557543776646,149.11764705882354,94.84595474234526,94.84595474234526,False,,0.1166625646074329,7.33501895829356,A_agent_rule_consensus_97622245_base.parquet,"{'BTC': -3.74, 'ETH': -0.35}",0.0,,219,-0.2553672916601655,-4.3412439582228135,0.4860910523698323,False,False,False,False,False,0
crypto15,A,"A:agent_rule_consensus(max_hold_bars=32, require_trend_tf=True, rsi_hi=70, rsi_lo=30, score_threshold=3, sl_atr=1.5, tf_trend=1h, tp_atr=3.0)",base,1.1,0.0,23,15.0,3.0665128654178053,0.1333266463225133,1.3381041658216044,0.4782608695652174,15,9.0,-6.648564648727991,-0.4432376432485327,-0.4432376432485327,0.2514446674990188,0.2666666666666666,"[-0.748922095133843, -0.017243442691794158]",0.979,-8.29457896227375,-8.006349795478023,0,2,1.0,-2.6085793716726218,-4.03998527705537,6.0,9.0,0.7818330285375653,6.928569030275472,116.0,96.41794821668982,96.41794821668982,False,,0.078021166625646,8.882912452705597,A_agent_rule_consensus_95586417_base.parquet,"{'BTC': -4.69, 'ETH': -1.96}",0.0,,220,-0.4558500573045298,-6.837750859567947,0.2321762110503251,False,False,False,False,False,0
crypto15,A,"A:agent_rule_consensus(max_hold_bars=32, require_trend_tf=True, rsi_hi=70, rsi_lo=30, score_threshold=3, sl_atr=1.5, tf_trend=15m, tp_atr=3.0)",base,1.0,0.0,30,17.0,1.4522739042833888,0.0484091301427796,1.1056004272041868,0.4333333333333333,21,10.0,-7.579846734890723,-0.3609450826138439,-0.3609450826138439,0.4066595216526903,0.2857142857142857,"[-0.7401350959757161, 0.00996578641216905]",0.97,-9.225861048436482,-9.182965986601076,0,2,2.0,-0.5490265977298452,-7.030820137160878,9.0,12.0,0.5171658874447503,7.579846734890723,102.14285714285714,95.88492378038404,93.8724271693927,True,2026-06-29 17:00:00+00:00,0.1011567807039133,10.990203602106549,A_agent_rule_consensus_61108697_base.parquet,"{'BTC': -7.12, 'ETH': -0.46}",0.0,,221,-0.3798575518769198,-7.977008589415315,0.3777889692768753,False,False,False,False,False,0
crypto1h,F1,"F1:ma_trend(atr_mult=2.0, fast=10, filter=False, slow=40, tf=1h)",base,1.1,0.0,22,21.0,-0.8940459435504219,-0.0406384519795646,0.8250597751049616,0.4090909090909091,15,13.0,-2.361408706872912,-0.1574272471248607,-0.1574272471248607,0.5039056460034702,0.3333333333333333,"[-0.43354851887027435, 0.13827047499890485]",0.828,-3.21194640753735,-3.21194640753735,1,5,4.0,-0.0794192887351418,-2.281989418137769,7.0,8.0,0.4608554531084027,3.296145573727939,200.0,96.74454534957664,96.74454534957664,False,,0.0337276617165869,4.447145876761155,F1_ma_trend_70241473_base.parquet,"{'BTC': 0.62, 'ETH': -2.98}",1.0,,230,-0.167786421208652,-2.516796318129781,0.4734893332779425,False,False,False,False,False,0
crypto1h,F1,"F1:ma_trend(atr_mult=2.0, fast=10, filter=True, slow=40, tf=1h)",base,0.8,0.0,0,,0.0,,,,0,,0.0,,,,,,,,,0,5,0.0,,,,,,,,,,,,,,,,,,231,,0.0,,False,False,False,False,False,0
crypto1h,F1,"F1:ma_trend(atr_mult=2.0, fast=20, filter=False, slow=80, tf=1h)",base,0.8,0.0,13,13.0,-0.6243011280622304,-0.0480231636970946,0.826467630826386,0.5384615384615384,8,8.0,-1.1954251882857223,-0.1494281485357153,-0.1494281485357153,0.5453613850470688,0.375,"[-0.5290389037683819, 0.26642626994330704]",0.777,-2.0495597061281,-2.0495597061281,1,5,3.0,-0.1779145317271923,-1.0175106565585297,1.0,7.0,0.4306716265607525,2.230664814818049,247.5,98.18027368365206,98.18027368365206,False,,0.0206393153788069,2.371998671455387,F1_ma_trend_76124726_base.parquet,"{'BTC': -2.05, 'ETH': 0.86}",1.0,,232,-0.1617283455015229,-1.2938267640121834,0.510126458155477,False,False,False,False,False,0
crypto1h,F1,"F1:ma_trend(atr_mult=2.0, fast=20, filter=True, slow=80, tf=1h)",base,0.7,0.0,0,,0.0,,,,0,,0.0,,,,,,,,,0,5,0.0,,,,,,,,,,,,,,,,,,233,,0.0,,False,False,False,False,False,0
crypto1h,F2,"F2:bb_mr(k=2.0, max_bars=8, n=20, regime=False, tf=1h)",base,1.1,0.0,44,41.0,-3.9017303671128194,-0.0886756901616549,0.6167602917108216,0.4772727272727273,24,21.0,-3.307281997867295,-0.1378034165778039,-0.1378034165778039,0.509456045969992,0.5,"[-0.33480300328797163, 0.046657265673461755]",0.923,-3.9438156155388575,-4.143677044433275,2,5,5.0,-1.6765114113766295,-1.630770586490666,16.0,8.0,0.6999277873718488,3.307281997867295,147.5,92.79098763501987,92.79098763501987,False,,0.0430405235338535,8.466737835252346,F2_bb_mr_70878520_base.parquet,"{'BTC': -1.91, 'ETH': -1.4}",0.0,,234,-0.1561274734015408,-3.74705936163698,0.4486193758172765,False,False,False,False,False,0
crypto1h,F2,"F2:bb_mr(k=2.0, max_bars=8, n=20, regime=True, tf=1h)",base,1.0,0.0,18,18.0,0.5127330094487106,0.028485167191595,1.1874038006753258,0.5555555555555556,14,12.0,-3.624854393123057,-0.2589181709373612,-0.2589181709373612,0.3981271701786863,0.5,"[-0.5900417898345722, 0.03516340472185281]",0.953,-4.2613880107946205,-4.461249439689037,1,5,4.0,-1.704549572138082,-1.9203048209849751,8.0,6.0,0.5790927516289001,4.461249439689037,120.0,96.88787861632564,96.88787861632564,False,,0.0178706267304304,5.912222193512434,F2_bb_mr_54187015_base.parquet,"{'BTC': -1.13, 'ETH': -2.49}",0.0,,235,-0.2760726959576813,-3.8650177434075386,0.3587364918431017,False,False,False,False,False,0
crypto1h,F2,"F2:bb_mr(k=2.5, max_bars=8, n=20, regime=False, tf=1h)",base,1.0,0.0,33,30.0,-3.945769810263226,-0.1195687821291886,0.6390375651544907,0.5151515151515151,17,16.0,-3.090576713493033,-0.1817986302054725,-0.1817986302054725,0.4617872181247272,0.3529411764705882,"[-0.42339798048264715, 0.04977094317391354]",0.926,-3.707539473013353,-3.690077221808661,0,5,4.0,-2.1885201813734865,-0.9020565321195472,10.0,7.0,0.7193891152929578,3.090576713493034,172.94117647058823,92.96365347624378,92.96365347624378,False,,0.0362446513969292,9.28121579931242,F2_bb_mr_53381942_base.parquet,"{'BTC': -3.26, 'ETH': 0.17}",1.0,,236,-0.2000191372272397,-3.400325332863076,0.4143581174466945,False,False,False,False,False,0
crypto1h,F2,"F2:bb_mr(k=2.5, max_bars=8, n=20, regime=True, tf=1h)",base,1.1,0.0,13,13.0,1.7181178021229169,0.132162907855609,1.9668482596838583,0.6153846153846154,7,7.0,-1.3697674861915048,-0.1956810694559292,-0.1956810694559292,0.5178527500503136,0.4285714285714285,"[-0.6860059750720277, 0.2675624078710587]",0.788,-1.969267994507132,-1.969267994507132,0,5,2.0,0.0093172397844929,-1.3790847259759975,3.0,4.0,0.5061960675676913,1.8368535361960816,145.71428571428572,100.34835031593144,100.34835031593144,False,,0.0138434432418827,2.422317527879329,F2_bb_mr_65992075_base.parquet,"{'BTC': -1.83, 'ETH': 0.46}",1.0,,237,-0.2132823160278329,-1.4929762121948302,0.475619126078653,False,False,False,False,False,0
crypto1h,F3,"F3:vol_comp_bo(pct=0.1, tf=1h, trail_atr=2.0)",base,1.1,0.0,11,11.0,0.963333753796819,0.0875757957997108,1.6878168750405915,0.6363636363636364,11,11.0,0.082233592132313,0.0074757811029375,0.0074757811029375,1.043840095997863,0.5454545454545454,"[-0.2917823792354341, 0.27182411715979754]",0.471,-0.5716220202494403,-0.5716220202494403,1,5,4.0,1.0222789268966284,-0.9400453347643152,5.0,6.0,0.3657937967429623,0.99760085992271,256.3636363636364,101.0455673459291,101.0455673459291,False,,0.0251698968034231,0.9976008599227127,F3_vol_comp_bo_36490428_base.parquet,"{'BTC': -0.67, 'ETH': 0.75}",1.0,,238,-0.0084647815617377,-0.0931125971791152,0.9514761390996994,False,False,False,False,False,0
crypto1h,F3,"F3:vol_comp_bo(pct=0.2, tf=1h, trail_atr=2.0)",base,1.1,0.0,15,14.0,-1.1972957530311314,-0.079819716868742,0.6664909004323654,0.4666666666666667,14,13.0,0.9136818444076528,0.0652629888862609,0.0652629888862609,1.3903032905841757,0.5,"[-0.22501771873527535, 0.393035661400004]",0.317,-0.3829577464179696,-0.3829577464179696,2,5,4.0,1.890698373319344,-0.977016528911691,7.0,7.0,0.2717807194821673,1.425821004325617,270.0,99.71638609137648,99.71638609137648,False,,0.0329725648124842,2.0259367649946824,F3_vol_comp_bo_83198970_base.parquet,"{'BTC': 0.59, 'ETH': 0.32}",2.0,,239,0.0478189251212608,0.6694649516976512,1.2796918761170477,True,True,False,False,False,2
crypto1h,F4,"F4:channel_bo(atr_mult=1.5, n=12, tf=1h)",base,0.9,0.0,57,52.0,4.534292957116961,0.0795489992476659,1.247989533904237,0.5263157894736842,33,32.0,-2.82644397141453,-0.0856498173155918,-0.0856498173155918,0.7477390670180033,0.3636363636363636,"[-0.35675597881104104, 0.22206504454901232]",0.735,-5.122902041912921,-5.122902041912921,1,5,4.0,0.92333816379538,-3.749782135209909,15.0,18.0,0.4230133960793726,5.178491495099933,263.6363636363636,101.7078489857024,101.7078489857024,False,,0.0969041026931789,6.179591995139504,F4_channel_bo_47422439_base.parquet,"{'BTC': -2.52, 'ETH': -0.31}",0.0,,240,-0.1066628472743266,-3.5198739600527804,0.6866798040575721,False,False,False,True,False,1
crypto1h,F4,"F4:channel_bo(atr_mult=1.5, n=24, tf=1h)",base,0.9,0.0,41,40.0,-0.7607679589596914,-0.0185553160721875,0.9488093503697804,0.4634146341463415,25,25.0,-0.1781470527716375,-0.0071258821108655,-0.0071258821108655,0.9760860674088642,0.36,"[-0.2882394131702832, 0.36515981919040646]",0.545,-2.4746051232700284,-2.4746051232700284,2,5,4.0,1.1740156089651237,-1.3521626617367613,11.0,14.0,0.3628650600801941,3.871999810928701,280.8,99.06108498826865,99.06108498826865,False,,0.0722376038258243,4.612065590131792,F4_channel_bo_54943884_base.parquet,"{'BTC': 1.75, 'ETH': -1.92}",1.0,,241,-0.0310889919996722,-0.777224799991806,0.8962596539921497,False,False,False,False,False,0
crypto1h,B0,B0:baseline_session_long(),base,1.0,44.0,55,55.0,-1.9431630933272832,-0.035330238060496,0.6181084209403076,0.509090909090909,41,41.0,0.0631321316518847,0.0015398080890703,0.0015398080890703,1.0207866591327253,0.4878048780487805,"[-0.06271980466135563, 0.0629558985321151]",0.465,-0.3274219619702908,-0.3274219619702908,2,5,5.0,0.0631321316518847,0.0,41.0,0.0,0.2505592304174541,1.3233154501673985,360.0,98.17453744865462,98.17453744865462,False,,0.1457337024918197,2.1643574159597705,B0_baseline_session_long_82262348_base.parquet,{'BTC': 0.06},1.0,,242,-0.002377360668929,-0.0974717874260916,0.968353381060686,False,False,False,True,False,1
crypto1h,F1b,"F1b:ma_trend(atr_mult=2.0, fast=10, filter=True, slow=40, tf=1h)",base,0.9,0.0,9,9.0,-1.2755088832635513,-0.1417232092515057,0.501105740366302,0.4444444444444444,8,8.0,-1.1815997359729478,-0.1476999669966184,-0.1476999669966184,0.3729746443874991,0.25,"[-0.428542419925977, 0.10898895655112989]",0.864,-1.6795137298224776,-1.6795137298224776,1,5,3.0,-0.4349127429463093,-0.7466869930266383,3.0,5.0,0.8160422461861259,1.1815997359729478,262.5,97.5428913807635,97.5428913807635,False,,0.0188774226025673,2.457108619236493,F1b_ma_trend_8288723_base.parquet,"{'BTC': -0.19, 'ETH': -0.99}",0.0,,256,-0.160349066341477,-1.2827925307318162,0.3354476964626713,False,False,False,False,False,0
crypto1h,F1b,"F1b:ma_trend(atr_mult=2.0, fast=20, filter=True, slow=80, tf=1h)",base,0.8,0.0,6,6.0,1.2733359533689697,0.2122226588948282,1.9547471087845631,0.5,3,3.0,-0.8506275916840467,-0.2835425305613488,-0.2835425305613488,0.0731143926298279,0.3333333333333333,,,-0.917726615798372,-0.917726615798372,0,5,2.0,0.0,-0.8506275916840467,0.0,3.0,3.352813641737068,0.917726615798372,180.0,100.42270836168494,100.42270836168494,False,,0.0093128618172665,1.915423444806137,F1b_ma_trend_9326437_base.parquet,"{'BTC': -0.74, 'ETH': -0.11}",0.0,,257,-0.2887709794187553,-0.8663129382562659,0.0546991828558821,False,False,False,False,False,0
crypto1h,A,"A:agent_rule_consensus(max_hold_bars=32, require_trend_tf=True, rsi_hi=70, rsi_lo=30, score_threshold=2, sl_atr=2.0, tf_trend=1h, tp_atr=4.0)",base,1.4,0.0,62,55.0,-11.606658071072369,-0.1872041624366511,0.5629308735061522,0.3870967741935484,38,35.0,-1.7285164197259562,-0.0454872742033146,-0.0454872742033146,0.8668512266002322,0.4210526315789473,"[-0.2738131148373916, 0.2185272605108976]",0.628,-3.5383102925554994,-3.5383102925554994,2,5,5.0,-1.1551259774215503,-0.5733904423044063,17.0,21.0,0.2833395943173404,5.484610144893741,260.5263157894737,89.96424550446389,86.91947809074144,True,2026-02-20 16:00:00+00:00,0.1092373521268562,10.03575449553611,A_agent_rule_consensus_95808342_base.parquet,"{'BTC': -2.32, 'ETH': 0.59}",1.0,,260,-0.0642533492181787,-2.4416272702907924,0.8124386271465874,False,False,False,True,False,1
crypto1h,A,"A:agent_rule_consensus(max_hold_bars=32, require_trend_tf=True, rsi_hi=70, rsi_lo=30, score_threshold=2, sl_atr=1.5, tf_trend=1h, tp_atr=3.0)",base,1.0,0.0,73,55.0,-17.486168736973465,-0.2395365580407324,0.533379929379286,0.3698630136986301,42,35.0,-3.2172655805468846,-0.0766015614415925,-0.0766015614415925,0.7995475664107579,0.4047619047619047,"[-0.28990767309410725, 0.18187986161658032]",0.722,-4.9702651425454025,-4.9702651425454025,3,5,5.0,-2.9636495983346123,-0.2536159822122712,20.0,22.0,0.3555876678954014,7.095021515407176,224.28571428571428,89.05605000386672,79.62624982822325,True,2026-01-27 17:00:00+00:00,0.1044550717342058,10.943949996133284,A_agent_rule_consensus_68466648_base.parquet,"{'BTC': -3.81, 'ETH': 0.59}",1.0,,261,-0.1005865765592638,-4.22463621548908,0.7377717902429437,False,False,True,True,False,2
crypto1h,A,"A:agent_rule_consensus(max_hold_bars=32, require_trend_tf=True, rsi_hi=70, rsi_lo=30, score_threshold=3, sl_atr=2.0, tf_trend=1h, tp_atr=4.0)",base,1.0,0.0,52,49.0,-12.544497343705746,-0.2412403335328028,0.4540194315270977,0.3461538461538461,30,28.0,-0.2242727683444458,-0.0074757589448148,-0.0074757589448148,0.9731522318751884,0.4,"[-0.2323973482078992, 0.24769952827999697]",0.555,-1.957781941481945,-1.957781941481945,2,5,4.0,-0.4296424454833365,0.2053696771388911,13.0,17.0,0.3058336515574464,2.708624084277781,256.0,89.65631187310592,87.48588246948958,True,2026-02-18 16:00:00+00:00,0.0858293480996728,10.34368812689408,A_agent_rule_consensus_29950894_base.parquet,"{'BTC': -0.43, 'ETH': 0.21}",1.0,,262,-0.0267893025427047,-0.8036790762811432,0.9045451215284888,False,False,False,True,False,1
crypto1h,A,"A:agent_rule_consensus(max_hold_bars=32, require_trend_tf=True, rsi_hi=70, rsi_lo=30, score_threshold=3, sl_atr=1.5, tf_trend=1h, tp_atr=3.0)",base,1.1,0.0,58,49.0,-14.769507368898893,-0.2546466787741188,0.5078117503869248,0.3448275862068966,31,28.0,-0.9003900410810481,-0.0290448400348725,-0.0290448400348725,0.9152076063642264,0.3870967741935484,"[-0.28042826998695064, 0.2664416417369434]",0.607,-2.561092136261625,-2.561092136261625,2,5,4.0,-0.2875641548958295,-0.612825886185218,13.0,18.0,0.3434734027077831,3.8212316227659873,236.1290322580645,89.72046998962378,84.65978673576365,True,2026-01-27 17:00:00+00:00,0.0780266800906116,10.27953001037622,A_agent_rule_consensus_27553729_base.parquet,"{'BTC': -0.21, 'ETH': -0.69}",0.0,,263,-0.0544905009712598,-1.6892055301090545,0.841603417806081,False,False,False,True,False,1
crypto247,F1,"F1:ma_trend(atr_mult=2.0, fast=10, filter=False, slow=40, tf=1h)",base,1.5,0.0,77,50.0,-0.8586610434442672,-0.0111514421226528,0.980031752208071,0.2727272727272727,44,28.0,-5.127725170192425,-0.1165392084134642,-0.1165392084134642,0.7789653702723482,0.2727272727272727,"[-0.4350018895369563, 0.27758867313884455]",0.764,-11.244446705467336,-10.359079664691972,0,7,6.0,2.54958049145427,-7.677305661646697,22.0,22.0,0.2493521774761934,8.514557808913834,1870.909090909091,96.4856595570609,93.69118905821657,True,2026-04-30 23:00:00+00:00,0.9427070302727044,10.06665639333542,F1_ma_trend_60447203_base.parquet,"{'BTC': -0.21, 'ETH': -4.92}",0.0,,268,-0.1367960875048552,-6.01902785021363,0.7397258919851556,False,False,False,True,False,1
crypto247,F1,"F1:ma_trend(atr_mult=2.0, fast=10, filter=True, slow=40, tf=1h)",base,1.3,0.0,0,,0.0,,,,0,,0.0,,,,,,,,,0,7,0.0,,,,,,,,,,,,,,,,,,269,,0.0,,False,False,False,False,False,0
crypto247,F1,"F1:ma_trend(atr_mult=2.0, fast=20, filter=False, slow=80, tf=1h)",base,1.3,0.0,47,34.0,-2.821565079990524,-0.0600332995742664,0.9099783351348592,0.2127659574468085,22,18.0,-3.2208639977606754,-0.1464029089891216,-0.1464029089891216,0.8027438551398283,0.1818181818181818,"[-0.8356108326756192, 0.707869571060149]",0.682,-9.329693161398437,-9.329693161398437,1,7,5.0,-2.018003529364713,-1.2028604683959625,12.0,10.0,0.1761698434361113,8.070720358249737,3122.7272727272725,100.6207849102928,93.26676774098333,True,2026-03-02 14:00:00+00:00,0.9244433324993744,10.124584744678671,F1_ma_trend_19769636_base.parquet,"{'BTC': 1.75, 'ETH': -4.97}",1.0,,270,-0.1771555389704983,-3.897421857350964,0.7613295605024863,False,False,False,False,False,0
crypto247,F1,"F1:ma_trend(atr_mult=2.0, fast=20, filter=True, slow=80, tf=1h)",base,1.1,0.0,0,,0.0,,,,0,,0.0,,,,,,,,,0,7,0.0,,,,,,,,,,,,,,,,,,271,,0.0,,False,False,False,False,False,0
crypto247,F4,"F4:channel_bo(atr_mult=1.5, n=12, tf=1h)",base,1.3,0.0,119,81.0,0.8690773785317325,0.0073031712481658,1.0127781242701857,0.2689075630252101,69,48.0,-10.362618916484733,-0.1501828828476048,-0.1501828828476048,0.7331430055717558,0.2608695652173913,"[-0.38142566481821394, 0.15214838467026773]",0.818,-13.975638303913726,-13.975638303913726,2,7,6.0,-4.171747869985963,-6.19087104649877,35.0,34.0,0.3444936662447184,13.755755234596451,1030.4347826086955,89.7005703755855,90.50645846204692,True,2026-01-10 22:00:00+00:00,0.8161120840630472,10.2994296244145,F4_channel_bo_93183136_base.parquet,"{'BTC': -3.87, 'ETH': -6.49}",0.0,,272,-0.1940856777254446,-13.39191176305568,0.6607268765877276,False,False,False,True,False,1
crypto247,F4,"F4:channel_bo(atr_mult=1.5, n=24, tf=1h)",base,1.3,0.0,72,60.0,3.935926950236525,0.0546656520866183,1.0760322937483926,0.2361111111111111,51,39.0,-25.7114360844826,-0.5041458055780902,-0.5041458055780902,0.29985397482033,0.2156862745098039,"[-0.7350087183596569, -0.22725392839673125]",1.0,-28.80345840277345,-28.80345840277345,0,7,6.0,-11.95052191756797,-13.760914166914633,26.0,25.0,0.6305746365122537,25.72655719169618,1163.529411764706,104.83151753301097,78.22585568147119,True,2026-02-19 07:00:00+00:00,0.699524643482612,10.571955505292635,F4_channel_bo_38371856_base.parquet,"{'BTC': -16.9, 'ETH': -8.82}",0.0,,273,-0.528498525030182,-26.953424776539283,0.2696382515842508,False,False,False,True,False,1
crypto247,B0,B0:baseline_session_long(),base,1.1,31.0,5,5.0,-5.1245803976343165,-1.0249160795268633,0.0,0.0,0,,0.0,,,,,,,,,0,7,0.0,,,,,,,,94.87541960236568,94.87541960236568,False,,0.9271953965474106,5.124580397634318,B0_baseline_session_long_33325355_base.parquet,,,,274,,0.0,,False,False,False,False,False,0
crypto247,F1b,"F1b:ma_trend(atr_mult=2.0, fast=10, filter=True, slow=40, tf=1h)",base,1.2,0.0,33,32.0,7.00411633772935,0.2122459496281621,1.3922060052399678,0.3939393939393939,25,22.0,-3.0114634042371646,-0.1204585361694865,-0.1204585361694865,0.7973259927168339,0.32,"[-0.5832952906805999, 0.40954456694598323]",0.673,-6.4643551585732375,-6.4643551585732375,3,7,6.0,-2.723751345976688,-0.2877120582604766,13.0,12.0,0.2203417430583374,5.350934531257304,2491.2,103.2276912402335,103.2276912402335,False,,0.6177132849637228,7.653806599476198,F1b_ma_trend_48910508_base.parquet,"{'BTC': -3.87, 'ETH': 0.86}",1.0,,282,-0.1437384201817273,-3.5934605045431827,0.7583006129261577,False,False,False,False,False,0
crypto247,F1b,"F1b:ma_trend(atr_mult=2.0, fast=20, filter=True, slow=80, tf=1h)",base,1.2,0.0,21,21.0,1.4450961723812048,0.068814103446724,1.0920024605106495,0.1904761904761904,14,14.0,-6.244516173474402,-0.4460368695338858,-0.4460368695338858,0.4311158468366606,0.2142857142857142,"[-0.9959717975643106, 0.27493998942542736]",0.901,-9.762298288071136,-9.762298288071136,1,7,5.0,-1.4277353514978106,-4.816780821976591,7.0,7.0,0.3026447464798364,7.377029056281048,2807.1428571428573,102.45213862004782,95.20057999890678,True,2026-03-30 20:00:00+00:00,0.5313985489116838,10.550841828703568,F1b_ma_trend_52898865_base.parquet,"{'BTC': -1.27, 'ETH': -4.98}",0.0,,283,-0.4671072235088659,-6.539501129124123,0.4044037032147441,False,False,False,False,False,0
crypto247,A,"A:agent_rule_consensus(max_hold_bars=32, require_trend_tf=True, rsi_hi=70, rsi_lo=30, score_threshold=2, sl_atr=2.0, tf_trend=1h, tp_atr=4.0)",base,1.5,0.0,121,83.0,7.6926765031130095,0.0635758388687025,1.1248586454926697,0.4297520661157025,80,53.0,0.8607239280653634,0.010759049100817,0.010759049100817,1.0205479217360058,0.4375,"[-0.20722302379141272, 0.23873335866557724]",0.473,-1.0340878383225969,-2.7555253519943093,4,7,7.0,-5.94342489456905,6.804148822634415,43.0,37.0,0.1943463248463914,9.779106667759232,909.75,101.28885920892262,108.55340043117836,True,2026-05-15 14:00:00+00:00,0.7955966975231423,10.048784015492984,A_agent_rule_consensus_65100981_base.parquet,"{'BTC': -1.8, 'ETH': 2.66}",1.0,,286,-0.0181269276013307,-1.4501542081064596,0.9653278406792188,False,False,True,True,False,2
crypto247,A,"A:agent_rule_consensus(max_hold_bars=32, require_trend_tf=True, rsi_hi=70, rsi_lo=30, score_threshold=2, sl_atr=1.5, tf_trend=1h, tp_atr=3.0)",base,1.4,0.0,155,90.0,-3.741490954751472,-0.0241386513209772,0.9595322439070672,0.3741935483870968,98,53.0,3.605828858071712,0.0367941720211399,0.0367941720211399,1.0670309094511383,0.4285714285714285,"[-0.16782443221949403, 0.2513868979077962]",0.367,1.7333002954846837,-0.0399050148949129,3,7,7.0,-12.505213041617155,16.111041899688864,52.0,46.0,0.2209737536254512,13.444510972140916,691.2244897959183,89.96448622912818,99.86433790332023,True,2026-01-01 18:00:00+00:00,0.7438078558919189,10.360777393859436,A_agent_rule_consensus_71753331_base.parquet,"{'BTC': 1.5, 'ETH': 2.1}",2.0,,287,-0.0030544426009756,-0.2993353748956153,0.9944411407009018,False,False,False,True,True,2
crypto247,A,"A:agent_rule_consensus(max_hold_bars=32, require_trend_tf=True, rsi_hi=70, rsi_lo=30, score_threshold=3, sl_atr=2.0, tf_trend=1h, tp_atr=4.0)",base,1.3,0.0,113,80.0,6.639091713804168,0.058753024015966,1.1141405749262745,0.4247787610619469,67,51.0,4.187913151146406,0.0625061664350209,0.0625061664350209,1.1197985868343605,0.4328358208955223,"[-0.18938277684102084, 0.3225780846690517]",0.335,2.2931013847584456,0.571663871086733,4,7,7.0,-4.92103731158882,9.108950462735226,35.0,32.0,0.1745559163028978,6.868668805314509,996.7164179104476,89.99874066887378,110.82700486495052,True,2026-01-01 18:00:00+00:00,0.7388041030773079,10.00125933112622,A_agent_rule_consensus_56982395_base.parquet,"{'BTC': 2.91, 'ETH': 1.28}",2.0,,288,0.0322417272542309,2.1601957260334723,1.0618006637592472,False,True,True,True,True,4
crypto247,A,"A:agent_rule_consensus(max_hold_bars=32, require_trend_tf=True, rsi_hi=70, rsi_lo=30, score_threshold=3, sl_atr=1.5, tf_trend=1h, tp_atr=3.0)",base,1.4,0.0,143,86.0,-9.930979551348994,-0.0694474094499929,0.8873112512430972,0.3496503496503496,78,51.0,5.796637750705407,0.0743158685987872,0.0743158685987872,1.1393819718317302,0.4358974358974359,"[-0.15254013005880715, 0.3151373456420432]",0.252,3.9241091881183774,2.2992747058995637,3,7,7.0,-5.60463916617473,11.401276916880134,38.0,40.0,0.2125542672880259,9.37178501956024,764.6153846153846,89.77549637966871,95.86565819935646,True,2025-12-30 20:00:00+00:00,0.6544908681511133,10.22450362033129,A_agent_rule_consensus_78755205_base.parquet,"{'BTC': 4.03, 'ETH': 1.77}",2.0,,289,0.0327868052843858,2.557370812182094,1.0613774285910922,False,True,False,True,True,3
